datetime,y_true,y_pred
2025-01-01 00:00:00,4.0,4.605701666522221
2025-01-01 03:00:00,5.3,4.433925728242264
2025-01-01 06:00:00,5.0,6.344897692839543
2025-01-01 09:00:00,6.0,6.193871913083789
2025-01-01 12:00:00,6.7,8.365403984598867
2025-01-01 15:00:00,8.0,8.614217564374316
2025-01-01 18:00:00,6.3,7.7761294597512505
2025-01-01 21:00:00,4.0,5.089790427197288
2025-01-02 00:00:00,3.3,2.8561804557618027
2025-01-02 03:00:00,2.0,1.8416052727400778
2025-01-02 06:00:00,3.3,2.7437541006604866
2025-01-02 09:00:00,4.7,4.288128693308788
2025-01-02 12:00:00,4.3,4.572972215155091
2025-01-02 15:00:00,3.7,4.018061465297199
2025-01-02 18:00:00,3.3,3.8198827295991133
2025-01-02 21:00:00,3.0,2.466850825326671
2025-01-03 00:00:00,3.0,2.690895058735004
2025-01-03 03:00:00,3.3,3.1393895627088306
2025-01-03 06:00:00,3.3,2.9350240155897085
2025-01-03 09:00:00,2.0,2.1222883213790564
2025-01-03 12:00:00,0.7,0.7485925289948172
2025-01-03 15:00:00,1.3,0.7400521401632825
2025-01-03 18:00:00,1.0,1.3345062046025253
2025-01-03 21:00:00,1.7,1.979491838493152
2025-01-04 00:00:00,2.0,2.257632940613585
2025-01-04 03:00:00,4.7,2.646835759549394
2025-01-04 06:00:00,5.0,4.343990866949405
2025-01-04 09:00:00,4.3,5.743034378029074
2025-01-04 12:00:00,3.3,4.186466418314328
2025-01-04 15:00:00,4.3,2.414268813448504
2025-01-04 18:00:00,5.3,4.880613358644766
2025-01-04 21:00:00,3.0,3.945170363657107
2025-01-05 00:00:00,3.3,3.0378007088735304
2025-01-05 03:00:00,2.3,2.9387174323528416
2025-01-05 06:00:00,2.3,2.686193986566701
2025-01-05 09:00:00,3.3,2.8502108595127384
2025-01-05 12:00:00,3.0,3.0948704807769105
2025-01-05 15:00:00,4.3,3.438727663077583
2025-01-05 18:00:00,4.0,4.025247767352473
2025-01-05 21:00:00,2.7,3.5845385356981603
2025-01-06 00:00:00,3.0,2.703044637193087
2025-01-06 03:00:00,3.7,2.79329730009418
2025-01-06 06:00:00,2.7,2.8663523596415272
2025-01-06 09:00:00,3.0,2.1101305628369507
2025-01-06 12:00:00,2.7,2.760220370767877
2025-01-06 15:00:00,3.0,2.561019921865891
2025-01-06 18:00:00,2.3,2.8324922229213563
2025-01-06 21:00:00,2.3,2.2389847487833947
2025-01-07 00:00:00,2.3,2.1251764778538758
2025-01-07 03:00:00,2.7,2.4687980277454655
2025-01-07 06:00:00,2.3,3.480187823137471
2025-01-07 09:00:00,2.7,3.3728961125496415
2025-01-07 12:00:00,2.3,2.6018506490870426
2025-01-07 15:00:00,3.3,2.4240917829671753
2025-01-07 18:00:00,2.0,2.6872122536815573
2025-01-07 21:00:00,2.0,2.4494278633519704
2025-01-08 00:00:00,3.7,2.1029513362934797
2025-01-08 03:00:00,2.3,1.9204552782120075
2025-01-08 06:00:00,1.7,2.1920639290905246
2025-01-08 09:00:00,0.0,1.2143031940542954
2025-01-08 12:00:00,1.0,1.2694423740878777
2025-01-08 15:00:00,2.3,1.6018657300459835
2025-01-08 18:00:00,1.0,1.242286631441825
2025-01-08 21:00:00,0.7,1.2547133323637452
2025-01-09 00:00:00,2.0,1.533509872462819
2025-01-09 03:00:00,1.0,1.3589126983230182
2025-01-09 06:00:00,1.7,1.432511661894533
2025-01-09 09:00:00,2.0,1.7228579448357397
2025-01-09 12:00:00,3.7,2.8928836498838697
2025-01-09 15:00:00,2.7,2.7608087970086608
2025-01-09 18:00:00,1.7,2.2948151280066202
2025-01-10 03:00:00,3.3,2.8644335427996293
2025-01-10 06:00:00,2.0,2.4209599389051544
2025-01-10 09:00:00,2.7,2.550383939438502
2025-01-10 12:00:00,3.0,3.6129625803706134
2025-01-10 15:00:00,1.3,2.3079484666083805
2025-01-10 18:00:00,2.3,1.8905433460470855
2025-01-10 21:00:00,4.0,2.467537817248559
2025-01-11 00:00:00,2.3,2.819295079658108
2025-01-11 03:00:00,1.0,2.0382849499267763
2025-01-11 06:00:00,1.3,1.5739357566465022
2025-01-11 09:00:00,1.0,1.692614054934447
2025-01-11 12:00:00,1.7,1.6433902208970026
2025-01-11 15:00:00,3.0,1.6521653703743024
2025-01-11 18:00:00,1.3,1.5097173851552177
2025-01-11 21:00:00,0.7,1.4956295311063532
2025-01-12 00:00:00,1.3,1.6193964740670748
2025-01-12 03:00:00,1.7,1.5644278095758861
2025-01-12 06:00:00,1.7,1.7345611251756596
2025-01-12 09:00:00,1.7,1.5002581782015365
2025-01-12 12:00:00,2.3,1.4404343249916614
2025-01-12 15:00:00,1.3,2.1637298787834163
2025-01-12 18:00:00,1.3,1.069169475653728
2025-01-12 21:00:00,1.7,1.5619384241743957
2025-01-13 00:00:00,4.0,3.437627710758976
2025-01-13 03:00:00,2.3,2.98840063708297
2025-01-13 06:00:00,1.0,2.096782044319672
2025-01-13 09:00:00,2.3,2.6659752667779286
2025-01-13 12:00:00,2.0,1.976718287444687
2025-01-13 15:00:00,2.3,1.5220941430007895
2025-01-13 18:00:00,2.3,2.3732749561309174
2025-01-13 21:00:00,2.0,2.4704725170169985
2025-01-14 00:00:00,2.7,2.7026412589781073
2025-01-14 03:00:00,2.3,2.1974376698826084
2025-01-14 06:00:00,2.3,2.418408880721007
2025-01-14 09:00:00,2.0,2.1295152862929476
2025-01-14 12:00:00,2.0,2.263533354803474
2025-01-14 15:00:00,2.7,2.1042629735219918
2025-01-14 18:00:00,3.0,2.9177337662518186
2025-01-14 21:00:00,2.7,3.193683227249738
2025-01-15 00:00:00,3.3,2.689297785340532
2025-01-15 03:00:00,3.7,2.9262972767626882
2025-01-15 06:00:00,3.7,2.702260265677043
2025-01-15 09:00:00,2.7,2.672867713009678
2025-01-15 12:00:00,3.0,2.2947867907323065
2025-01-15 15:00:00,3.3,2.9489328419138285
2025-01-15 18:00:00,2.7,2.3144745950622196
2025-01-15 21:00:00,1.7,1.9428759475390667
2025-01-16 00:00:00,2.7,2.5139799951164328
2025-01-16 03:00:00,3.3,2.7234516412436918
2025-01-16 06:00:00,1.7,2.3582008387501783
2025-01-16 09:00:00,2.3,1.3278939638572964
2025-01-16 12:00:00,3.0,2.2019457280135732
2025-01-16 15:00:00,3.0,1.6160646386385777
2025-01-16 18:00:00,3.7,2.869308535311797
2025-01-16 21:00:00,2.7,2.856658182546898
2025-01-17 00:00:00,3.3,2.569559071842649
2025-01-17 03:00:00,4.0,3.6108388645378042
2025-01-17 06:00:00,3.7,3.4282292143673736
2025-01-17 09:00:00,3.0,2.707596079171554
2025-01-17 12:00:00,3.3,2.9471154366903005
2025-01-17 15:00:00,3.0,3.44723942359309
2025-01-17 18:00:00,4.0,2.8582732933141264
2025-01-17 21:00:00,4.0,3.1363091529424585
2025-01-18 00:00:00,2.0,2.5446995862772095
2025-01-18 03:00:00,2.0,2.1608000112037313
2025-01-18 06:00:00,2.3,2.369984899189137
2025-01-18 09:00:00,2.0,2.342499076713898
2025-01-18 12:00:00,2.3,1.7761590945349794
2025-01-18 15:00:00,2.0,2.1968450912406907
2025-01-18 18:00:00,2.0,1.9914001601744795
2025-01-18 21:00:00,2.0,2.048363004097054
2025-01-19 00:00:00,1.0,2.0805692142651164
2025-01-19 03:00:00,2.3,1.680344622481372
2025-01-19 06:00:00,3.7,2.5141790063263234
2025-01-19 09:00:00,2.7,2.843137852859329
2025-01-19 12:00:00,3.3,2.4967834421831094
2025-01-19 15:00:00,3.0,2.0029796405512874
2025-01-19 18:00:00,3.0,3.0119002798724894
2025-01-19 21:00:00,3.7,3.2162649769279277
2025-01-20 00:00:00,3.7,2.9029079898622014
2025-01-20 03:00:00,3.3,3.031528630825554
2025-01-20 06:00:00,3.0,2.9015369405108595
2025-01-20 09:00:00,3.0,2.361806307601377
2025-01-20 12:00:00,4.3,3.4173817010994734
2025-01-20 15:00:00,3.0,2.8881392223792366
2025-01-20 18:00:00,2.7,2.9796204554552745
2025-01-20 21:00:00,3.7,3.1645732196454546
2025-01-21 00:00:00,2.3,3.235562418318386
2025-01-21 03:00:00,3.0,2.6538452846189924
2025-01-21 06:00:00,2.0,2.1912219167900084
2025-01-21 09:00:00,1.7,1.9418434284293964
2025-01-21 12:00:00,1.0,2.0296459812626924
2025-01-21 15:00:00,2.7,1.8660219457006764
2025-01-21 18:00:00,3.0,2.11224204975768
2025-01-21 21:00:00,2.3,2.198208036593284
2025-01-22 00:00:00,2.7,2.4228186259756455
2025-01-22 03:00:00,2.0,2.4889174175847333
2025-01-22 06:00:00,3.0,1.5955912963043237
2025-01-22 09:00:00,2.3,2.155514206158223
2025-01-22 12:00:00,1.7,2.012609761554258
2025-01-22 15:00:00,1.3,1.404680305644301
2025-01-22 18:00:00,1.0,1.5211835287406985
2025-01-22 21:00:00,3.0,1.8146868485466174
2025-01-23 00:00:00,3.3,1.9619955946644776
2025-01-23 03:00:00,1.7,1.7077120656433884
2025-01-23 06:00:00,0.7,1.608214844458519
2025-01-23 09:00:00,1.0,1.4196812180990157
2025-01-23 12:00:00,1.3,1.5381071059503229
2025-01-23 15:00:00,3.7,1.769302773317959
2025-01-23 18:00:00,3.7,2.736985283645109
2025-01-23 21:00:00,2.3,2.683832953936593
2025-01-24 00:00:00,1.3,2.2516073913124983
2025-01-24 03:00:00,1.3,1.5771651747553954
2025-01-24 06:00:00,2.3,1.6609599513192874
2025-01-24 09:00:00,1.3,1.440842127359591
2025-01-24 12:00:00,2.0,1.5064691084233477
2025-01-24 15:00:00,1.0,1.4954025987892343
2025-01-24 18:00:00,1.0,1.6532984553209564
2025-01-24 21:00:00,2.3,1.7000680906254015
2025-01-25 00:00:00,0.3,1.7715472230326659
2025-01-25 03:00:00,0.0,1.2912548722177826
2025-01-25 06:00:00,0.3,0.5200922985569603
2025-01-25 09:00:00,0.3,0.8193734045974949
2025-01-25 12:00:00,0.7,0.5317316940682906
2025-01-25 15:00:00,1.0,1.0279229732043338
2025-01-25 18:00:00,0.0,0.8589623481795687
2025-01-25 21:00:00,0.7,0.8045751555155729
2025-01-26 00:00:00,0.3,0.7953934216668435
2025-01-26 03:00:00,0.7,0.6790484793931479
2025-01-26 06:00:00,0.3,0.1760526479655764
2025-01-26 09:00:00,0.3,0.050360126279756834
2025-01-26 12:00:00,0.3,-0.18614966743150307
2025-01-26 15:00:00,0.0,-0.022494217766563462
2025-01-26 18:00:00,0.0,0.23228581735749487
2025-01-26 21:00:00,0.3,0.08376299261552167
2025-01-27 00:00:00,0.0,0.02136628648890526
2025-01-27 03:00:00,0.0,-0.010072460768366875
2025-01-27 06:00:00,1.3,0.8571192317225884
2025-01-27 09:00:00,1.7,1.741462775988007
2025-01-27 12:00:00,1.3,1.4013267285536817
2025-01-27 15:00:00,2.7,2.8041426376240715
2025-01-27 18:00:00,2.0,2.400663867863696
2025-01-27 21:00:00,2.0,1.839135767673605
2025-01-28 00:00:00,2.0,2.361917801092414
2025-01-28 03:00:00,1.3,2.35753169683594
2025-01-28 06:00:00,0.7,0.8363335271261089
2025-01-28 09:00:00,2.3,0.7828702657661533
2025-01-28 12:00:00,2.7,2.346486542169919
2025-01-28 15:00:00,2.7,2.9613843461183427
2025-01-28 18:00:00,3.7,3.5136309924669056
2025-01-28 21:00:00,2.7,2.505916922907672
2025-01-29 00:00:00,2.0,2.3394113477147185
2025-01-29 03:00:00,1.0,0.8738683916813326
2025-01-29 06:00:00,1.0,1.3913342404664952
2025-01-29 09:00:00,2.0,1.7712104107979294
2025-01-29 12:00:00,2.0,1.2425010065821294
2025-01-29 15:00:00,1.7,2.219455684269165
2025-01-29 18:00:00,1.3,1.4547080768045602
2025-01-29 21:00:00,1.3,1.9323161299310383
2025-01-30 00:00:00,0.7,0.6592427963434446
2025-01-30 03:00:00,0.7,0.8959796241506366
2025-01-30 06:00:00,0.7,0.6500998133364346
2025-01-30 09:00:00,0.3,0.7516237814128686
2025-01-30 12:00:00,0.7,0.9978520598464804
2025-01-30 15:00:00,1.3,1.9331497313329382
2025-01-30 18:00:00,2.0,2.272864922464127
2025-01-30 21:00:00,2.7,4.447916371965022
2025-01-31 00:00:00,1.7,3.067536707957294
2025-01-31 03:00:00,0.7,1.0532743264926507
2025-01-31 06:00:00,1.0,0.48843284526280173
2025-01-31 09:00:00,1.7,1.7349312646037638
2025-01-31 12:00:00,2.0,2.3555009164855663
2025-01-31 15:00:00,1.7,1.8995599541387793
2025-01-31 18:00:00,2.0,1.4011110909924953
2025-01-31 21:00:00,2.7,2.3738134278009024
2025-02-01 00:00:00,3.7,3.3080763358090186
2025-02-01 03:00:00,3.7,3.3510729932461194
2025-02-01 06:00:00,3.7,3.824421333294314
2025-02-01 09:00:00,3.0,3.76820550536023
2025-02-01 12:00:00,4.0,3.4418388671798406
2025-02-01 15:00:00,3.7,5.197019539629671
2025-02-01 18:00:00,4.3,4.714459616428731
2025-02-01 21:00:00,4.0,4.728145418405404
2025-02-02 00:00:00,3.3,3.708283235035669
2025-02-02 03:00:00,4.0,3.102354717786315
2025-02-02 06:00:00,3.7,3.164778237867362
2025-02-02 09:00:00,3.3,3.3118731432953723
2025-02-02 12:00:00,3.7,3.472451912292408
2025-02-02 15:00:00,4.3,3.7280084134978253
2025-02-02 18:00:00,2.3,3.7663195320802814
2025-02-02 21:00:00,1.7,1.8855665508622828
2025-02-03 00:00:00,0.7,0.9440611497152025
2025-02-03 03:00:00,0.3,0.9147535578983498
2025-02-03 06:00:00,0.7,0.8372265606987715
2025-02-03 09:00:00,1.0,0.74695545368398
2025-02-03 12:00:00,0.7,1.0859999411459307
2025-02-03 15:00:00,0.3,1.0542511026607868
2025-02-03 18:00:00,0.3,1.256685605864038
2025-02-03 21:00:00,1.0,1.5523330740131502
2025-02-04 00:00:00,1.0,1.4294696589544673
2025-02-04 03:00:00,1.0,1.664808097922217
2025-02-04 06:00:00,1.7,1.4411930789969476
2025-02-04 09:00:00,1.3,1.8128013467591382
2025-02-04 12:00:00,0.7,1.5671662848904961
2025-02-04 15:00:00,0.7,1.4249630514790923
2025-02-04 18:00:00,1.0,1.406929437723966
2025-02-04 21:00:00,0.7,1.2370412987626946
2025-02-05 00:00:00,0.7,1.7011512687984265
2025-02-05 03:00:00,1.7,1.2843202163956744
2025-02-05 06:00:00,0.7,1.1537053432170725
2025-02-05 09:00:00,1.0,1.6076011859804045
2025-02-05 12:00:00,1.7,1.042518304734736
2025-02-05 15:00:00,2.7,1.968079928331131
2025-02-05 18:00:00,1.0,2.192362545164976
2025-02-05 21:00:00,2.0,1.783512921692946
2025-02-06 00:00:00,2.3,2.478768544278704
2025-02-06 03:00:00,2.3,1.9996122662147926
2025-02-06 06:00:00,1.7,1.9083189949104788
2025-02-06 09:00:00,1.0,1.7340074732702953
2025-02-06 12:00:00,2.7,2.163881534282215
2025-02-06 15:00:00,1.7,2.2240175120202474
2025-02-06 18:00:00,1.3,2.2775498571944657
2025-02-06 21:00:00,1.0,2.0429927032788004
2025-02-07 00:00:00,0.3,1.5073942921606247
2025-02-07 03:00:00,0.3,1.2353445003787766
2025-02-07 06:00:00,0.3,1.2253433721115823
2025-02-07 09:00:00,0.7,0.5986926397782752
2025-02-07 12:00:00,0.7,0.9469925056728332
2025-02-07 15:00:00,1.0,0.48027189021106587
2025-02-07 18:00:00,0.3,0.6553225220282124
2025-02-07 21:00:00,0.3,0.8602186296113746
2025-02-08 00:00:00,0.0,0.3734429459345203
2025-02-08 03:00:00,2.3,0.806586556233061
2025-02-08 06:00:00,3.3,2.356018543446677
2025-02-08 09:00:00,2.7,1.824764049726785
2025-02-08 12:00:00,3.0,2.8555821169247952
2025-02-08 15:00:00,2.0,2.8461921833330517
2025-02-08 18:00:00,1.0,2.0311594495850924
2025-02-08 21:00:00,1.0,1.5620437348920384
2025-02-09 00:00:00,1.0,1.0230262370848653
2025-02-09 03:00:00,1.7,1.486891645186559
2025-02-09 06:00:00,1.7,1.9238058663020698
2025-02-09 09:00:00,2.0,2.5935756428708694
2025-02-09 12:00:00,3.0,1.502513469704294
2025-02-09 15:00:00,4.0,4.387720162474694
2025-02-09 18:00:00,4.7,3.674320216743866
2025-02-09 21:00:00,4.3,4.448022589570887
2025-02-10 00:00:00,4.7,5.2982700816881945
2025-02-10 03:00:00,2.7,3.8617638116080615
2025-02-10 06:00:00,4.0,2.8025078532716186
2025-02-10 09:00:00,4.0,3.301039688491182
2025-02-10 12:00:00,3.3,3.9308937307444785
2025-02-10 15:00:00,3.7,3.7486457124441164
2025-02-10 18:00:00,3.7,3.176974379850276
2025-02-10 21:00:00,3.7,3.669633475767373
2025-02-11 00:00:00,3.7,3.3524171095594677
2025-02-11 03:00:00,3.0,3.2198979424926883
2025-02-11 06:00:00,2.7,2.976028988395571
2025-02-11 09:00:00,3.3,2.6929801696307862
2025-02-11 12:00:00,3.0,2.756782291779614
2025-02-11 15:00:00,3.3,2.9021629302112952
2025-02-11 18:00:00,3.0,2.630479610934304
2025-02-11 21:00:00,2.7,2.3696071205873794
2025-02-12 00:00:00,3.3,2.7326455426230662
2025-02-12 03:00:00,4.3,3.0963586787850508
2025-02-12 06:00:00,2.7,2.3882458426204405
2025-02-12 09:00:00,3.0,2.829777041879715
2025-02-12 12:00:00,2.7,2.1304113689513575
2025-02-12 15:00:00,3.0,2.2944842286383307
2025-02-12 18:00:00,3.0,1.4725713703191246
2025-02-12 21:00:00,2.7,2.923879555704609
2025-02-13 00:00:00,3.0,2.58628602833778
2025-02-13 03:00:00,4.3,2.918573928371157
2025-02-13 06:00:00,3.7,2.7255420155723313
2025-02-13 09:00:00,3.7,2.292192379436575
2025-02-13 12:00:00,3.7,2.683083784676775
2025-02-13 15:00:00,2.3,2.946188340480175
2025-02-13 18:00:00,3.7,2.7007410657831272
2025-02-13 21:00:00,4.0,3.30034458379874
2025-02-14 00:00:00,4.3,3.2776032175413388
2025-02-14 03:00:00,4.7,3.97431001694991
2025-02-14 06:00:00,3.3,3.137488598468555
2025-02-14 09:00:00,2.7,2.937037288189118
2025-02-14 12:00:00,4.0,2.598031545592157
2025-02-14 15:00:00,3.0,2.7700328750943166
2025-02-14 18:00:00,3.3,3.4197545891650107
2025-02-14 21:00:00,3.7,3.5717533717304404
2025-02-15 00:00:00,3.7,4.231389555038751
2025-02-15 03:00:00,3.7,3.334655916341649
2025-02-15 06:00:00,3.3,2.7886490340944237
2025-02-15 09:00:00,5.0,2.8561018694064497
2025-02-15 12:00:00,3.3,3.2533097613173068
2025-02-15 15:00:00,4.3,3.2267853365799386
2025-02-15 18:00:00,3.7,3.3753026291688135
2025-02-15 21:00:00,4.7,3.87939780605615
2025-02-16 00:00:00,2.3,2.8631017081774415
2025-02-16 03:00:00,4.0,2.668682243633107
2025-02-16 06:00:00,3.0,2.945759485413519
2025-02-16 09:00:00,4.0,2.3967511968663064
2025-02-16 12:00:00,3.0,2.8899119294278512
2025-02-16 15:00:00,3.0,2.9837305203008313
2025-02-16 18:00:00,3.7,2.6606154820852237
2025-02-16 21:00:00,4.0,3.0604556623571733
2025-02-17 00:00:00,2.7,2.9194818945904126
2025-02-17 03:00:00,3.3,2.651013751127853
2025-02-17 06:00:00,2.3,2.4053942639968606
2025-02-17 09:00:00,2.3,2.084624185942556
2025-02-17 12:00:00,3.3,1.8367546508230546
2025-02-17 15:00:00,3.7,2.6073943733507923
2025-02-17 18:00:00,1.7,2.3758885240965304
2025-02-17 21:00:00,3.3,1.8374931611069354
2025-02-18 00:00:00,3.7,2.672481060076646
2025-02-18 03:00:00,3.3,2.790487952770702
2025-02-18 06:00:00,1.7,1.8177298666371589
2025-02-18 09:00:00,0.7,1.1670301487140242
2025-02-18 12:00:00,1.3,0.5966438984844122
2025-02-18 15:00:00,2.7,1.5319150321757387
2025-02-18 18:00:00,2.0,2.3396422283091236
2025-02-18 21:00:00,4.3,1.926621946948759
2025-02-19 00:00:00,5.0,4.136416229875754
2025-02-19 03:00:00,3.3,3.8235301721953903
2025-02-19 06:00:00,4.3,3.3958421258823255
2025-02-19 09:00:00,2.0,3.007619235097861
2025-02-19 12:00:00,1.7,1.5973793524713158
2025-02-19 15:00:00,2.3,2.1449426149581985
2025-02-19 18:00:00,4.0,2.7557683351332645
2025-02-19 21:00:00,3.0,2.851931333577423
2025-02-20 00:00:00,3.3,2.998323953970578
2025-02-20 03:00:00,2.7,2.4644587848024657
2025-02-20 06:00:00,1.3,1.627353293958965
2025-02-20 09:00:00,0.3,1.2402404129386801
2025-02-20 12:00:00,1.3,1.0836464889498951
2025-02-20 15:00:00,0.0,0.6181281717497242
2025-02-20 18:00:00,0.0,0.5364305506988505
2025-02-20 21:00:00,0.7,0.8005026823047405
2025-02-21 00:00:00,2.7,1.4990600129248048
2025-02-21 03:00:00,0.7,1.5376386763145145
2025-02-21 06:00:00,0.7,0.5900410964136025
2025-02-21 09:00:00,0.3,0.2061684498170766
2025-02-21 12:00:00,1.0,0.7357447078480654
2025-02-21 15:00:00,0.7,0.7771386521057464
2025-02-21 18:00:00,0.3,0.8662625488635354
2025-02-21 21:00:00,1.7,1.30698310544503
2025-02-22 00:00:00,2.7,2.0256936325769437
2025-02-22 03:00:00,0.3,1.1108762306634117
2025-02-22 06:00:00,0.3,0.29437677587818434
2025-02-22 09:00:00,1.3,1.06341309937183
2025-02-22 12:00:00,2.0,1.3559178250972772
2025-02-22 15:00:00,0.7,0.931043270099843
2025-02-22 18:00:00,0.7,1.041096096621186
2025-02-22 21:00:00,2.3,1.1575922589371284
2025-02-23 00:00:00,2.7,1.966484401210518
2025-02-23 03:00:00,1.7,1.8642405353971743
2025-02-23 06:00:00,1.0,1.24468948539315
2025-02-23 09:00:00,0.7,1.0284238570148299
2025-02-23 12:00:00,0.3,0.7140216549936766
2025-02-23 15:00:00,0.7,0.7874424546239727
2025-02-23 18:00:00,0.7,0.6654130154157025
2025-02-23 21:00:00,3.0,1.3273072556509813
2025-02-24 00:00:00,3.0,3.75091609629829
2025-02-24 03:00:00,1.0,2.035741087277397
2025-02-24 06:00:00,1.3,1.2516267128277154
2025-02-24 09:00:00,3.0,1.905667066929154
2025-02-24 12:00:00,3.0,3.1650070285771097
2025-02-24 15:00:00,2.0,2.291085062285123
2025-02-24 18:00:00,4.7,3.495700075120798
2025-02-24 21:00:00,2.7,3.7766535366886824
2025-02-25 00:00:00,1.3,2.0828179191176077
2025-02-25 03:00:00,1.0,1.9724293479735826
2025-02-25 06:00:00,2.0,1.6537280855310013
2025-02-25 09:00:00,1.3,1.8154813489998898
2025-02-25 12:00:00,1.3,2.0061673672956077
2025-02-25 15:00:00,1.7,1.7229878057926404
2025-02-25 18:00:00,2.7,2.033590012182601
2025-02-25 21:00:00,3.0,2.5511460691575842
2025-02-26 00:00:00,3.0,3.0862227078698132
2025-02-26 03:00:00,3.3,3.100600902052334
2025-02-26 06:00:00,3.0,2.7462715853701725
2025-02-26 09:00:00,2.3,2.5520323953295563
2025-02-26 12:00:00,3.0,2.8257059866861716
2025-02-26 15:00:00,3.3,3.6714806131165485
2025-02-26 18:00:00,3.0,4.810001190256695
2025-02-26 21:00:00,2.0,3.9681502562879896
2025-02-27 00:00:00,4.0,5.110822489233717
2025-02-27 03:00:00,4.3,4.277553766889955
2025-02-27 06:00:00,3.3,4.521499839758499
2025-02-27 09:00:00,5.7,3.8815042534250708
2025-02-27 12:00:00,3.7,4.329680290539031
2025-02-27 15:00:00,4.3,4.324975257068815
2025-02-27 18:00:00,3.3,3.793118513385955
2025-02-27 21:00:00,4.0,4.1237613056033045
2025-02-28 00:00:00,5.0,5.028969926041567
2025-02-28 03:00:00,3.7,4.1370700805415614
2025-02-28 06:00:00,4.7,3.870971833038954
2025-02-28 09:00:00,4.3,3.9412457721632643
2025-02-28 12:00:00,4.7,4.438373109741563
2025-02-28 15:00:00,4.3,3.8887222147720895
2025-02-28 18:00:00,4.0,3.987097300562147
2025-02-28 21:00:00,2.7,3.4923687859378045
2025-03-01 00:00:00,2.3,3.304216609000639
2025-03-01 03:00:00,3.7,3.4483202868144684
2025-03-01 06:00:00,4.0,3.617179555744646
2025-03-01 09:00:00,3.7,3.678013180367614
2025-03-01 12:00:00,3.7,3.0409310575858512
2025-03-01 15:00:00,1.7,2.7467116786265446
2025-03-01 18:00:00,3.3,2.6713040946367324
2025-03-01 21:00:00,3.0,3.3183178682255803
2025-03-02 00:00:00,1.3,2.5471643098724193
2025-03-02 21:00:00,0.0,1.667233181641679
2025-03-03 00:00:00,1.3,1.8268161288415812
2025-03-03 03:00:00,1.0,1.7701092410484747
2025-03-03 06:00:00,0.7,1.5081240518488712
2025-03-03 09:00:00,1.3,1.4249816199331073
2025-03-03 12:00:00,0.7,1.70793116351099
2025-03-03 15:00:00,1.0,1.3977898022698787
2025-03-03 18:00:00,1.0,2.150934333644842
2025-03-03 21:00:00,1.0,2.25045209381584
2025-03-04 00:00:00,1.0,2.0021560924554165
2025-03-04 03:00:00,2.3,2.3209761738335253
2025-03-04 06:00:00,1.7,2.1743223940298737
2025-03-04 09:00:00,1.3,1.7559959764083095
2025-03-04 12:00:00,1.3,1.5196361915042509
2025-03-04 15:00:00,1.7,2.079706313342074
2025-03-04 18:00:00,2.7,2.143758355149534
2025-03-04 21:00:00,4.3,3.5209731755422484
2025-03-05 00:00:00,3.3,3.1036520058495407
2025-03-05 03:00:00,3.0,3.165087152840413
2025-03-05 06:00:00,2.3,2.7148412982758816
2025-03-05 09:00:00,2.0,2.1228622978532683
2025-03-05 12:00:00,1.7,2.0520141442411535
2025-03-05 15:00:00,2.7,2.014275037335633
2025-03-05 18:00:00,1.7,1.9349112823255277
2025-03-05 21:00:00,2.0,1.9672840109312946
2025-03-06 00:00:00,2.0,1.8928954852571889
2025-03-06 03:00:00,1.3,1.9417913508379903
2025-03-06 06:00:00,2.3,2.163282831502882
2025-03-06 09:00:00,1.3,2.0297944225990867
2025-03-06 12:00:00,0.7,1.5683581079227447
2025-03-06 15:00:00,1.3,0.9265218519794189
2025-03-06 18:00:00,2.3,2.0095595188519524
2025-03-06 21:00:00,1.0,2.094864665563264
2025-03-07 00:00:00,0.7,1.2558894190290988
2025-03-07 03:00:00,2.7,1.9867440793570224
2025-03-07 06:00:00,2.7,2.2022025694286604
2025-03-07 09:00:00,3.0,2.734949880556018
2025-03-07 12:00:00,2.0,2.270811891565595
2025-03-07 15:00:00,3.0,2.468814910392271
2025-03-07 18:00:00,2.3,2.5133776109795405
2025-03-07 21:00:00,0.7,1.935301077840085
2025-03-08 00:00:00,1.7,2.1032601261708015
2025-03-08 03:00:00,3.0,2.8238409933245574
2025-03-08 06:00:00,3.0,3.2907825833261413
2025-03-08 09:00:00,3.7,3.5397274148605584
2025-03-08 12:00:00,2.3,3.321923700792399
2025-03-08 15:00:00,3.3,2.521927404459721
2025-03-08 18:00:00,4.7,5.13808756815825
2025-03-08 21:00:00,5.0,5.283488319088125
2025-03-09 00:00:00,4.7,4.92197425801323
2025-03-09 03:00:00,5.7,5.164200209005681
2025-03-09 06:00:00,4.0,4.655776765647806
2025-03-09 09:00:00,5.0,4.081762940801661
2025-03-09 12:00:00,4.0,3.656593390857819
2025-03-09 15:00:00,3.0,3.221874605218963
2025-03-09 18:00:00,2.3,2.74952605677204
2025-03-09 21:00:00,3.3,2.892239449096377
2025-03-10 00:00:00,2.3,2.574519300447602
2025-03-10 03:00:00,1.7,1.992975199327493
2025-03-10 06:00:00,2.0,2.2817883174298843
2025-03-10 09:00:00,2.3,2.297666453262492
2025-03-10 12:00:00,2.3,2.1909659236930352
2025-03-10 15:00:00,2.7,2.3890221524356163
2025-03-10 18:00:00,1.3,1.805732896813447
2025-03-10 21:00:00,2.3,2.1248291151122474
2025-03-11 00:00:00,2.0,1.8185412380792974
2025-03-11 03:00:00,2.3,1.4517829169888334
2025-03-11 06:00:00,2.0,1.8984405926956203
2025-03-11 09:00:00,2.7,2.12763731811649
2025-03-11 12:00:00,2.7,1.9611775891906442
2025-03-11 15:00:00,1.7,1.7963436979591376
2025-03-11 18:00:00,1.3,1.6960554827304848
2025-03-11 21:00:00,2.7,1.7812405097528452
2025-03-12 00:00:00,3.7,2.892197242906189
2025-03-12 03:00:00,3.3,2.751328897793077
2025-03-12 06:00:00,3.0,3.050393630930568
2025-03-12 09:00:00,4.0,2.7764226788633737
2025-03-12 12:00:00,4.3,3.5430194684852117
2025-03-12 15:00:00,5.0,3.2196101657178957
2025-03-12 18:00:00,5.0,4.231622274155729
2025-03-12 21:00:00,4.3,3.683436577460582
2025-03-13 00:00:00,5.0,4.093210693205077
2025-03-13 03:00:00,4.7,3.5994401975290913
2025-03-13 06:00:00,5.0,3.055077151019659
2025-03-13 09:00:00,4.3,3.529739556926044
2025-03-13 12:00:00,5.0,4.186049502649854
2025-03-13 15:00:00,3.7,2.9681530047579194
2025-03-13 18:00:00,4.3,2.719736911029557
2025-03-13 21:00:00,3.7,3.438914960887714
2025-03-14 00:00:00,5.3,3.4262717340231976
2025-03-14 03:00:00,2.7,3.2994329516559926
2025-03-14 06:00:00,3.3,3.1137441053732635
2025-03-14 09:00:00,3.0,2.7616647341617515
2025-03-14 12:00:00,3.0,2.791324921025802
2025-03-14 15:00:00,3.7,3.312875136532934
2025-03-14 18:00:00,3.0,2.7779870739924624
2025-03-14 21:00:00,3.3,3.0309218327916394
2025-03-15 00:00:00,4.0,3.148690179252796
2025-03-15 03:00:00,3.3,2.7839101784645317
2025-03-15 06:00:00,3.3,2.8627392790475588
2025-03-15 09:00:00,3.7,1.8427082315896122
2025-03-15 12:00:00,3.7,2.7450682958762833
2025-03-15 15:00:00,3.3,2.75195165313801
2025-03-15 18:00:00,0.7,1.745067665983708
2025-03-16 09:00:00,2.3,2.1762482972599395
2025-03-16 12:00:00,3.3,1.9808087773107388
2025-03-16 15:00:00,1.0,1.599006391861681
2025-03-16 18:00:00,2.0,1.5554290388661065
2025-03-16 21:00:00,2.7,2.1478527720808436
2025-03-17 00:00:00,3.3,2.2025929026058972
2025-03-17 03:00:00,3.0,2.044749367439331
2025-03-17 06:00:00,2.7,2.286264630921156
2025-03-17 09:00:00,1.7,2.252984457246144
2025-03-17 12:00:00,3.0,1.7635984376526472
2025-03-17 15:00:00,3.0,2.843928811874215
2025-03-17 18:00:00,3.3,2.464669785717503
2025-03-17 21:00:00,2.7,2.036857455973202
2025-03-18 00:00:00,3.0,2.1709846875696392
2025-03-18 03:00:00,3.0,2.786380608038359
2025-03-18 06:00:00,2.3,2.4997104244734
2025-03-18 09:00:00,2.3,2.0348708087559397
2025-03-18 12:00:00,3.3,2.019938528974905
2025-03-18 15:00:00,2.7,1.5867856450344677
2025-03-18 18:00:00,1.7,1.5771084895854566
2025-03-18 21:00:00,2.0,2.504501299415768
2025-03-19 00:00:00,2.3,2.9375217787615497
2025-03-19 03:00:00,4.0,2.5358023707664965
2025-03-19 06:00:00,4.0,4.171441085726661
2025-03-19 09:00:00,2.7,3.3292798467162674
2025-03-19 12:00:00,3.0,2.4655365192542704
2025-03-19 15:00:00,3.3,2.760874293445484
2025-03-19 18:00:00,4.7,3.5509693382584384
2025-03-19 21:00:00,3.0,3.418691488963616
2025-03-20 00:00:00,1.7,2.0968052254234326
2025-03-20 03:00:00,1.7,2.1365030541022016
2025-03-20 06:00:00,1.7,1.8091845672656255
2025-03-20 09:00:00,0.7,1.1330938120114613
2025-03-20 12:00:00,1.3,1.1562835687709894
2025-03-21 00:00:00,3.3,1.1209336673883807
2025-03-21 03:00:00,3.0,3.1017148650385984
2025-03-21 06:00:00,1.7,3.13249365725886
2025-03-21 09:00:00,1.7,2.0953954678328603
2025-03-21 12:00:00,2.7,2.38773074257356
2025-03-21 15:00:00,4.0,3.2409599647788987
2025-03-21 18:00:00,5.3,4.946314835634124
2025-03-21 21:00:00,5.0,5.460971806068486
2025-03-22 00:00:00,5.7,6.065381496591979
2025-03-22 03:00:00,5.0,6.331520408326232
2025-03-22 06:00:00,2.7,3.287201292824996
2025-03-22 09:00:00,2.7,2.4771624415531854
2025-03-22 12:00:00,4.0,3.4600684904423673
2025-03-22 15:00:00,4.3,4.055125209457426
2025-03-22 18:00:00,3.7,3.4592745142805823
2025-03-22 21:00:00,4.3,2.785079794587168
2025-03-23 00:00:00,4.0,2.5477679549817527
2025-03-23 03:00:00,2.0,2.3364123941164667
2025-03-23 06:00:00,2.7,2.1390370783811252
2025-03-23 09:00:00,1.7,2.080811693666544
2025-03-24 06:00:00,2.7,3.555045186352488
2025-03-24 09:00:00,3.0,2.722641069865082
2025-03-24 12:00:00,3.7,3.8601411146662654
2025-03-24 15:00:00,3.7,3.071638860479195
2025-03-24 18:00:00,2.7,3.0447642820406386
2025-03-24 21:00:00,1.7,2.20606100406185
2025-03-25 00:00:00,3.3,1.7843020898337238
2025-03-25 03:00:00,2.7,2.4812722475422424
2025-03-25 06:00:00,2.3,1.8612684349905315
2025-03-25 09:00:00,3.0,2.3783891293816586
2025-03-25 12:00:00,2.0,2.450545457181709
2025-03-25 15:00:00,2.7,2.1110741601552103
2025-03-25 18:00:00,4.0,3.510825695912943
2025-03-25 21:00:00,3.0,3.9863227232507707
2025-03-26 00:00:00,4.3,4.153016444730995
2025-03-26 03:00:00,4.3,4.195983511653444
2025-03-26 06:00:00,2.3,1.837891462867319
2025-03-26 09:00:00,3.3,2.7911676864925252
2025-03-26 12:00:00,5.7,5.385320492554157
2025-03-26 15:00:00,5.7,4.918707884607427
2025-03-26 18:00:00,5.7,3.5814732829576625
2025-03-26 21:00:00,4.3,3.897841920042511
2025-03-27 00:00:00,3.7,3.7662181476186953
2025-03-27 03:00:00,4.3,4.4438835757943655
2025-03-27 06:00:00,4.7,4.9925730934355474
2025-03-27 09:00:00,4.0,4.000523847676366
2025-03-27 12:00:00,4.7,3.9252156569609777
2025-03-27 15:00:00,4.7,3.849848359890397
2025-03-27 18:00:00,3.7,3.39188580903455
2025-03-27 21:00:00,3.7,3.5665068844170698
2025-03-28 00:00:00,2.3,3.072456309367684
2025-03-28 03:00:00,3.0,2.8611061695103412
2025-03-28 06:00:00,2.7,2.8897032204999755
2025-03-28 09:00:00,2.3,3.0069445320094275
2025-03-28 12:00:00,2.7,2.5267909550528183
2025-03-28 15:00:00,2.7,2.5308687556561935
2025-03-28 18:00:00,3.3,2.8363428090880856
2025-03-28 21:00:00,4.0,3.3481674437518305
2025-03-29 00:00:00,3.0,2.986366926895509
2025-03-29 03:00:00,3.3,2.7844429149963448
2025-03-29 06:00:00,1.7,2.1775321134763748
2025-03-29 09:00:00,1.3,2.0050400122555985
2025-03-29 12:00:00,1.0,1.7875163711811184
2025-03-29 15:00:00,1.0,1.991680114757332
2025-03-29 18:00:00,0.3,1.8273350375234056
2025-03-29 21:00:00,1.0,1.8446155823994392
2025-03-30 00:00:00,1.3,1.6761061079786401
2025-03-30 03:00:00,2.3,1.8177671101200061
2025-03-30 06:00:00,2.3,1.98814338879537
2025-03-30 09:00:00,1.3,1.4520766097810553
2025-03-30 12:00:00,0.7,1.3523529081022585
2025-03-30 15:00:00,0.7,1.744169601959068
2025-03-30 18:00:00,1.0,1.8469437424636586
2025-03-30 21:00:00,0.7,1.648719992979997
2025-03-31 00:00:00,0.3,1.8074457936014403
2025-03-31 03:00:00,1.7,1.26898355601576
2025-03-31 06:00:00,2.0,1.6811510904129774
2025-03-31 09:00:00,1.7,1.6718811472724957
2025-03-31 12:00:00,1.3,2.88353238140657
2025-03-31 15:00:00,1.7,2.697230877027792
2025-03-31 18:00:00,1.0,2.324312757059922
2025-03-31 21:00:00,1.0,1.900658222848426
2025-04-01 00:00:00,1.0,1.7290911910248565
2025-04-01 03:00:00,0.7,1.7023733303895183
2025-04-01 06:00:00,0.7,1.4237279828325589
2025-04-01 09:00:00,0.3,1.4974507956534695
2025-04-01 12:00:00,1.3,1.3455477055967915
2025-04-01 15:00:00,1.0,1.2228541973540976
2025-04-01 18:00:00,2.3,1.154111638153756
2025-04-01 21:00:00,2.0,2.836553527066794
2025-04-02 00:00:00,3.7,2.769064464876371
2025-04-02 03:00:00,3.3,3.123253096019458
2025-04-02 06:00:00,3.3,3.6522023584725263
2025-04-02 09:00:00,3.7,3.577035539553644
2025-04-02 12:00:00,2.7,3.8261489644644104
2025-04-02 15:00:00,1.7,3.008200151054985
2025-04-02 18:00:00,3.3,2.8967108958800445
2025-04-02 21:00:00,3.3,3.6884445046222467
2025-04-03 00:00:00,3.3,3.615108368957597
2025-04-03 03:00:00,2.3,2.810833191884423
2025-04-03 06:00:00,3.7,2.569476079784363
2025-04-03 09:00:00,3.3,2.8833092696640192
2025-04-03 12:00:00,3.3,2.586483434308698
2025-04-03 15:00:00,3.0,3.1601127678367167
2025-04-03 18:00:00,4.0,3.6059817666610248
2025-04-03 21:00:00,4.7,4.376465864788837
2025-04-04 00:00:00,4.0,3.825248164506303
2025-04-04 03:00:00,4.0,3.8122699108705813
2025-04-04 06:00:00,3.7,3.082169921527511
2025-04-04 09:00:00,4.3,4.097115588548892
2025-04-04 12:00:00,4.7,3.965392266539439
2025-04-04 15:00:00,4.3,3.785026003660927
2025-04-04 18:00:00,4.7,3.9763769583806576
2025-04-04 21:00:00,4.7,4.6514068597348475
2025-04-05 00:00:00,5.7,4.677539645396463
2025-04-05 03:00:00,5.0,4.666566659538143
2025-04-05 06:00:00,4.3,4.2300440674595805
2025-04-05 09:00:00,4.7,3.93901251394624
2025-04-05 12:00:00,4.0,3.9584603001970837
2025-04-05 15:00:00,3.7,3.552915194830768
2025-04-05 18:00:00,5.3,4.049148475233877
2025-04-05 21:00:00,4.3,3.7572144375404273
2025-04-06 00:00:00,5.0,3.6176562791273295
2025-04-06 03:00:00,3.0,3.4917077000415615
2025-04-06 06:00:00,3.0,3.110229726810374
2025-04-06 09:00:00,3.3,3.1900109082878396
2025-04-06 12:00:00,3.3,2.7797590451301866
2025-04-06 15:00:00,3.7,3.138765493758869
2025-04-06 18:00:00,3.0,3.4807327679597355
2025-04-06 21:00:00,3.3,3.063397815097343
2025-04-07 00:00:00,3.0,2.779257769292884
2025-04-07 03:00:00,2.7,2.9833170676669747
2025-04-07 06:00:00,1.7,2.1743054368034973
2025-04-07 09:00:00,1.3,2.2597752566226417
2025-04-07 12:00:00,2.0,2.092943437591216
2025-04-07 15:00:00,2.7,2.570354019658457
2025-04-07 18:00:00,4.0,2.731731930642275
2025-04-07 21:00:00,3.3,2.7415308086597627
2025-04-08 00:00:00,3.0,2.4314270724941895
2025-04-08 03:00:00,3.7,2.6341648088523186
2025-04-08 06:00:00,3.7,3.307906037785047
2025-04-08 09:00:00,2.0,2.3405608726879503
2025-04-08 12:00:00,4.3,2.179549731202183
2025-04-08 15:00:00,4.0,2.9900589220645593
2025-04-08 18:00:00,4.3,3.4075932480146123
2025-04-08 21:00:00,3.7,3.564073363608552
2025-04-09 00:00:00,4.7,3.2213042272336447
2025-04-09 03:00:00,3.3,2.993581607827102
2025-04-09 06:00:00,3.7,3.4959035982844555
2025-04-09 09:00:00,4.0,3.5950997524544785
2025-04-09 12:00:00,3.3,2.88414651029007
2025-04-09 15:00:00,3.0,2.732207986448043
2025-04-09 18:00:00,2.7,2.749124094412549
2025-04-09 21:00:00,2.7,2.7048513298018886
2025-04-10 00:00:00,4.0,3.0960296168095782
2025-04-10 03:00:00,3.3,2.8411993941631666
2025-04-10 06:00:00,3.7,2.4980214615616574
2025-04-10 09:00:00,1.7,2.740442561940366
2025-04-10 12:00:00,1.3,1.8245289245087923
2025-04-10 15:00:00,2.0,1.9929916890427515
2025-04-10 18:00:00,3.0,2.797928092445628
2025-04-10 21:00:00,4.0,3.472750488810979
2025-04-11 00:00:00,3.7,3.046112191030061
2025-04-11 03:00:00,3.0,2.825272181345275
2025-04-11 06:00:00,2.0,2.220008822237228
2025-04-11 09:00:00,2.3,2.2618237640528274
2025-04-11 12:00:00,3.3,2.348175686742609
2025-04-11 15:00:00,2.0,1.6693534170654662
2025-04-11 18:00:00,3.0,2.7902165826469076
2025-04-11 21:00:00,4.0,2.302676305715896
2025-04-12 00:00:00,3.3,2.943271247425109
2025-04-12 03:00:00,2.3,2.08977601498115
2025-04-12 06:00:00,2.3,2.31109435271244
2025-04-12 09:00:00,3.0,2.5622116994337043
2025-04-12 12:00:00,2.0,2.9365239968314656
2025-04-12 15:00:00,3.3,3.2834217423569716
2025-04-12 18:00:00,3.7,3.6459048252605086
2025-04-12 21:00:00,4.3,3.649979554780382
2025-04-13 00:00:00,3.7,2.9880411712278923
2025-04-13 03:00:00,3.3,2.9266821491329873
2025-04-13 06:00:00,3.0,2.3820549612644646
2025-04-13 09:00:00,2.3,2.074277798039441
2025-04-13 12:00:00,2.7,1.9564870656005076
2025-04-13 15:00:00,1.7,2.047851970598485
2025-04-13 18:00:00,2.7,2.0032997764210703
2025-04-13 21:00:00,2.3,2.6445049045198927
2025-04-14 00:00:00,3.0,2.508625814593048
2025-04-14 03:00:00,4.7,2.9894678494531184
2025-04-14 06:00:00,3.3,2.500312177892506
2025-04-14 09:00:00,1.7,2.1814782386980505
2025-04-14 12:00:00,2.0,1.759804561977997
2025-04-14 15:00:00,3.3,1.902339289105256
2025-04-14 18:00:00,3.3,1.9587243612374639
2025-04-14 21:00:00,3.7,2.013507521451
2025-04-15 00:00:00,3.0,2.3565579097627163
2025-04-15 03:00:00,2.0,2.121742254445128
2025-04-15 06:00:00,1.3,1.5910002934651204
2025-04-15 09:00:00,1.0,1.63918239413739
2025-04-15 12:00:00,2.0,1.6141093892915026
2025-04-15 15:00:00,5.0,1.5327673790269094
2025-04-15 18:00:00,5.3,4.6782459276396695
2025-04-15 21:00:00,6.3,3.012203486782239
2025-04-16 00:00:00,5.0,5.385388920484581
2025-04-16 03:00:00,3.3,3.9617656579688685
2025-04-16 06:00:00,3.0,4.1858836403109345
2025-04-16 09:00:00,4.7,3.8682914170537526
2025-04-16 12:00:00,7.3,5.01728152683672
2025-04-16 15:00:00,6.3,6.5800262550609965
2025-04-16 18:00:00,7.7,5.989773594778994
2025-04-16 21:00:00,5.3,5.368478533638341
2025-04-17 00:00:00,3.0,3.4961690510594883
2025-04-17 03:00:00,3.7,1.9487822763923077
2025-04-17 06:00:00,1.0,2.2899435078720227
2025-04-17 09:00:00,0.7,1.031880475742992
2025-04-17 12:00:00,2.7,0.8446769467917198
2025-04-17 15:00:00,2.0,1.290873711433841
2025-04-17 18:00:00,1.3,1.7175676247232439
2025-04-17 21:00:00,1.7,1.9925725986998095
2025-04-18 00:00:00,3.0,2.333677523910475
2025-04-18 03:00:00,4.3,3.9487950896041655
2025-04-18 06:00:00,2.7,2.864636963052777
2025-04-18 09:00:00,1.7,2.496244904086498
2025-04-18 12:00:00,2.0,1.537977992081036
2025-04-18 15:00:00,2.0,2.2000778853307104
2025-04-18 18:00:00,2.7,2.0694605346469626
2025-04-18 21:00:00,2.7,2.2040182856601653
2025-04-19 00:00:00,4.0,2.3430763151205465
2025-04-19 03:00:00,3.3,2.6149652109648716
2025-04-19 06:00:00,3.3,1.983545650649786
2025-04-19 09:00:00,2.0,2.160940784505064
2025-04-19 12:00:00,3.0,2.7269253638538427
2025-04-19 15:00:00,3.3,2.6540867122466696
2025-04-19 18:00:00,2.3,3.05967198117066
2025-04-19 21:00:00,4.7,3.4922031852420545
2025-04-20 00:00:00,5.0,3.679261805758111
2025-04-20 03:00:00,2.3,2.2442570106119337
2025-04-20 06:00:00,2.0,2.145571593975925
2025-04-20 09:00:00,1.3,2.2831767489570773
2025-04-20 12:00:00,1.3,2.25897396850237
2025-04-20 15:00:00,1.0,1.5982362272008923
2025-04-20 18:00:00,2.7,2.168379022763211
2025-04-20 21:00:00,2.7,3.8819978732720166
2025-04-21 00:00:00,4.0,2.617880444918143
2025-04-21 03:00:00,4.3,3.873092357028554
2025-04-21 06:00:00,4.7,3.9881254204889895
2025-04-21 09:00:00,4.3,4.574783091303806
2025-04-21 12:00:00,5.3,4.319182741001346
2025-04-21 15:00:00,4.3,3.216004384292555
2025-04-21 18:00:00,5.0,4.262663381399281
2025-04-21 21:00:00,2.3,3.2096738747095963
2025-04-22 00:00:00,3.7,3.117846250872361
2025-04-22 03:00:00,3.3,2.9386551262070837
2025-04-22 06:00:00,2.7,3.1613554583399948
2025-04-22 09:00:00,1.7,2.8846578344509908
2025-04-22 12:00:00,1.7,2.552344703018244
2025-04-22 15:00:00,3.0,2.752481317177478
2025-04-22 18:00:00,3.0,2.5587456992866136
2025-04-22 21:00:00,2.7,3.0689334978201206
2025-04-23 00:00:00,1.0,2.5342047005164794
2025-04-23 03:00:00,2.3,2.0768975419056295
2025-04-23 06:00:00,1.7,1.552731654622216
2025-04-23 09:00:00,2.7,2.0419173936568344
2025-04-23 12:00:00,1.7,1.99551641053579
2025-04-23 15:00:00,1.3,2.0729357299815727
2025-04-23 18:00:00,0.7,1.885826166545269
2025-04-23 21:00:00,0.7,1.7181201719194603
2025-04-24 00:00:00,2.3,2.954025968899814
2025-04-24 03:00:00,2.7,2.510401993586611
2025-04-24 06:00:00,3.7,2.437759577039235
2025-04-24 09:00:00,3.3,3.7383309671123444
2025-04-24 12:00:00,3.7,2.86136297016055
2025-04-24 15:00:00,2.0,2.7424140406431268
2025-04-24 18:00:00,2.0,2.809001709852475
2025-04-24 21:00:00,1.3,2.6260534673103217
2025-04-25 00:00:00,0.7,2.169237939599822
2025-04-25 03:00:00,0.7,1.6218331044227638
2025-04-25 06:00:00,1.0,1.3269579917861987
2025-04-25 09:00:00,1.0,1.4636041729800149
2025-04-25 12:00:00,1.0,1.1110571865911303
2025-04-25 15:00:00,1.0,1.433019517607414
2025-04-25 18:00:00,1.7,1.4147054939064456
2025-04-25 21:00:00,2.0,1.5990318801591952
2025-04-26 00:00:00,1.3,1.7007502526362712
2025-04-26 03:00:00,1.3,1.4734822183240701
2025-04-26 06:00:00,1.0,1.6756686134662828
2025-04-26 09:00:00,2.0,1.1368261327277351
2025-04-26 12:00:00,2.0,2.020596673968615
2025-04-26 15:00:00,1.7,1.9112258205485237
2025-04-26 18:00:00,1.3,2.1785795894329056
2025-04-26 21:00:00,1.3,1.5829310237293361
2025-04-27 12:00:00,1.0,2.4071008077692926
2025-04-27 15:00:00,2.7,1.8760267265321424
2025-04-27 18:00:00,2.0,2.3983908959869895
2025-04-27 21:00:00,1.7,2.162601502043891
2025-04-28 00:00:00,2.3,2.6863118113308992
2025-04-28 03:00:00,0.3,1.7904616698472555
2025-04-28 06:00:00,0.3,1.4193075219544888
2025-04-28 09:00:00,1.0,0.9320425786440089
2025-04-28 12:00:00,0.7,1.714165166204061
2025-04-28 15:00:00,0.7,0.978334770620126
2025-04-28 18:00:00,0.7,0.6818886316164601
2025-04-28 21:00:00,0.3,1.3242467277577599
2025-04-29 00:00:00,0.0,1.178617658232843
2025-04-29 03:00:00,1.3,0.9010069873595629
2025-04-29 06:00:00,2.0,2.378312907970588
2025-04-29 09:00:00,1.7,2.4380368525534384
2025-04-29 12:00:00,1.3,1.8815034219278404
2025-04-29 15:00:00,1.3,1.5900987838853338
2025-04-29 18:00:00,2.0,2.100470026287608
2025-04-29 21:00:00,1.3,2.5562318531386117
2025-04-30 00:00:00,3.3,2.7283111519646095
2025-04-30 03:00:00,2.3,2.3795031914674882
2025-04-30 06:00:00,2.7,2.4119689600604914
2025-04-30 09:00:00,2.7,2.2934527995424925
2025-04-30 12:00:00,1.7,2.2515317543024422
2025-04-30 15:00:00,1.3,1.9655772771032993
2025-04-30 18:00:00,1.0,2.1870408441869786
2025-04-30 21:00:00,2.7,2.784478074899317
2025-05-01 00:00:00,3.0,3.0427989223048497
2025-05-01 03:00:00,3.7,3.663102999275347
2025-05-01 06:00:00,4.0,3.278162393674163
2025-05-01 09:00:00,4.0,3.1668349588674776
2025-05-01 12:00:00,4.0,3.990317925290217
2025-05-01 15:00:00,3.3,2.6120165239923683
2025-05-01 18:00:00,4.7,4.184642271735648
2025-05-01 21:00:00,4.7,3.3598703315787146
2025-05-02 00:00:00,5.0,3.9751089921008544
2025-05-02 03:00:00,5.0,4.3726902161596515
2025-05-02 06:00:00,4.0,3.988102199894384
2025-05-02 09:00:00,4.3,3.902434369054917
2025-05-02 12:00:00,4.7,4.286028848733309
2025-05-02 15:00:00,4.3,4.661230170642523
2025-05-02 18:00:00,4.0,4.585709425140688
2025-05-02 21:00:00,5.0,3.7124349889264585
2025-05-03 00:00:00,5.3,4.522525420481665
2025-05-03 03:00:00,4.0,4.160904874433744
2025-05-03 06:00:00,4.0,3.87998168667736
2025-05-03 09:00:00,4.7,4.051309155687302
2025-05-03 12:00:00,3.3,3.803843481827978
2025-05-03 15:00:00,3.3,3.8481112979501955
2025-05-03 18:00:00,2.7,3.5506597961181017
2025-05-03 21:00:00,3.7,3.10146544944398
2025-05-04 00:00:00,4.0,3.590333478313405
2025-05-04 03:00:00,3.3,3.0628861394226945
2025-05-04 06:00:00,4.7,2.7973169580638015
2025-05-04 09:00:00,2.3,3.6528707506095737
2025-05-04 12:00:00,3.7,2.895155975809148
2025-05-04 15:00:00,4.7,3.676072530558653
2025-05-04 18:00:00,4.3,3.9397826135313627
2025-05-04 21:00:00,4.0,4.19202521627161
2025-05-05 00:00:00,3.0,4.015056008668647
2025-05-05 03:00:00,4.3,3.6174644785674746
2025-05-05 06:00:00,4.3,3.8484104045616334
2025-05-05 09:00:00,4.3,3.844783272891899
2025-05-05 12:00:00,4.7,3.5615937704494955
2025-05-05 15:00:00,4.3,3.3045378520243105
2025-05-05 18:00:00,4.0,3.5706050542207906
2025-05-05 21:00:00,4.0,3.0431647218887763
2025-05-06 00:00:00,3.3,3.04671230806816
2025-05-06 03:00:00,2.3,2.911625094822064
2025-05-06 06:00:00,2.0,2.574769087022121
2025-05-06 09:00:00,2.7,2.9566081671194704
2025-05-06 12:00:00,2.3,2.6952373492894646
2025-05-06 15:00:00,2.7,2.8562287162403757
2025-05-06 18:00:00,3.3,2.880974925056951
2025-05-06 21:00:00,3.7,2.813761492590804
2025-05-07 00:00:00,2.0,2.871227091807226
2025-05-07 03:00:00,2.7,2.3942103370348597
2025-05-07 06:00:00,2.0,2.495239875164506
2025-05-07 09:00:00,2.0,2.1214937698970466
2025-05-07 12:00:00,1.7,1.9443767034878507
2025-05-07 15:00:00,1.0,1.9112349358151774
2025-05-07 18:00:00,1.3,1.6302927692550462
2025-05-07 21:00:00,2.0,1.9083247517566306
2025-05-08 00:00:00,2.0,1.9950999217060035
2025-05-08 03:00:00,3.0,2.1312779211894757
2025-05-08 06:00:00,3.0,2.4745094229655047
2025-05-08 09:00:00,1.3,2.0100313107353833
2025-05-08 12:00:00,2.3,2.7154561017624
2025-05-08 15:00:00,2.0,2.891984852340505
2025-05-08 18:00:00,0.7,2.353943709109709
2025-05-08 21:00:00,3.7,2.3527596343780033
2025-05-09 00:00:00,2.7,2.999320660975333
2025-05-09 03:00:00,2.0,1.637494329967508
2025-05-09 06:00:00,1.7,1.2884762115069184
2025-05-09 09:00:00,1.7,2.140479620084111
2025-05-09 12:00:00,2.3,2.671694646359112
2025-05-09 15:00:00,3.3,2.8245396987924565
2025-05-09 18:00:00,4.7,3.7679865146671983
2025-05-09 21:00:00,4.3,4.123282032759896
2025-05-10 00:00:00,4.7,3.8814784874442045
2025-05-10 03:00:00,3.3,3.017130721599794
2025-05-10 06:00:00,1.3,1.7866362255100663
2025-05-10 09:00:00,2.3,2.1165796088972275
2025-05-10 12:00:00,2.0,2.4960023548754977
2025-05-10 15:00:00,1.3,2.242149984379392
2025-05-10 18:00:00,1.0,2.0768852482032085
2025-05-10 21:00:00,2.0,1.9731749992715137
2025-05-11 00:00:00,2.3,2.0823064406390563
2025-05-11 03:00:00,3.0,2.431035031912015
2025-05-11 06:00:00,2.0,1.8712528478214545
2025-05-11 09:00:00,1.7,2.20451233102274
2025-05-11 12:00:00,3.0,2.361050336719121
2025-05-11 15:00:00,1.3,2.632244241371178
2025-05-11 18:00:00,4.7,2.0081434667402895
2025-05-11 21:00:00,4.0,3.4206596837318743
2025-05-12 00:00:00,2.0,2.0868164385707506
2025-05-12 03:00:00,1.7,1.1011267047227449
2025-05-12 06:00:00,1.3,2.0005325926300075
2025-05-12 09:00:00,1.3,2.293229019980165
2025-05-12 12:00:00,2.0,2.1959269740625595
2025-05-12 15:00:00,1.0,1.7053256738103653
2025-05-12 18:00:00,1.0,2.0530893676049873
2025-05-12 21:00:00,1.7,2.423120490320591
2025-05-13 00:00:00,1.0,2.3188463813544296
2025-05-13 03:00:00,1.3,1.8477580158128166
2025-05-13 06:00:00,1.3,1.7852251004739024
2025-05-13 09:00:00,1.3,1.5442975705095767
2025-05-13 12:00:00,1.3,1.6528082716467907
2025-05-13 15:00:00,2.3,1.813834689701084
2025-05-13 18:00:00,3.7,3.4645711996962865
2025-05-13 21:00:00,3.3,1.0780858660807273
2025-05-14 00:00:00,3.7,2.4220458056517877
2025-05-14 03:00:00,2.0,1.7187180864764209
2025-05-14 06:00:00,2.3,1.7127723468472582
2025-05-14 09:00:00,2.3,1.8601078421840265
2025-05-14 12:00:00,3.7,2.3854521913582287
2025-05-14 15:00:00,3.7,3.008131712311642
2025-05-14 18:00:00,3.7,3.942095830601901
2025-05-14 21:00:00,1.7,2.4322176837331737
2025-05-15 00:00:00,3.3,2.663950127245586
2025-05-15 03:00:00,3.7,2.3035200444618624
2025-05-15 06:00:00,2.3,2.245632358126345
2025-05-15 09:00:00,2.0,2.013641485841084
2025-05-15 12:00:00,1.7,1.6331913644875482
2025-05-15 15:00:00,3.0,2.0214383624390573
2025-05-15 18:00:00,2.3,2.5593427881543667
2025-05-15 21:00:00,3.0,2.674369097167021
2025-05-16 00:00:00,2.0,2.4714913107714804
2025-05-16 03:00:00,2.0,2.0633193633502076
2025-05-16 06:00:00,2.7,2.3560118367134217
2025-05-16 09:00:00,1.7,2.470696089634467
2025-05-16 12:00:00,2.7,2.626335262196822
2025-05-16 15:00:00,2.0,2.902428760991591
2025-05-16 18:00:00,2.0,3.0977843179289666
2025-05-16 21:00:00,3.7,3.731361055999577
2025-05-17 00:00:00,6.3,4.694543671302801
2025-05-17 03:00:00,5.3,5.043696803179423
2025-05-17 06:00:00,3.0,4.5851601046080805
2025-05-17 09:00:00,4.7,4.165497218126247
2025-05-17 12:00:00,4.7,5.69986303671527
2025-05-17 15:00:00,4.3,5.591060007374248
2025-05-17 18:00:00,3.3,4.60951121216418
2025-05-17 21:00:00,3.3,4.557389389777013
2025-05-18 00:00:00,4.0,3.9972682802838966
2025-05-18 03:00:00,3.0,3.777677815644643
2025-05-18 06:00:00,4.7,3.746702717938031
2025-05-18 09:00:00,2.7,4.130248909665104
2025-05-18 12:00:00,2.7,3.988053437174206
2025-05-18 15:00:00,4.0,3.9186593747157366
2025-05-18 18:00:00,4.0,3.2955551590752092
2025-05-18 21:00:00,2.7,3.361904310248076
2025-05-19 00:00:00,3.3,2.9916135519432068
2025-05-19 03:00:00,3.0,2.4556541870842037
2025-05-19 06:00:00,1.3,2.2105077019882
2025-05-19 09:00:00,1.7,2.0392320447882746
2025-05-19 12:00:00,2.0,1.9146376740426967
2025-05-19 15:00:00,2.3,2.049734879575184
2025-05-19 18:00:00,1.3,2.191701431991521
2025-05-19 21:00:00,1.0,1.9166602502235186
2025-05-20 00:00:00,2.0,2.1043723035659574
2025-05-20 03:00:00,3.0,2.874184877794878
2025-05-20 06:00:00,3.3,3.758150090725768
2025-05-20 09:00:00,2.7,3.412692428504932
2025-05-20 12:00:00,3.0,3.253632842477035
2025-05-20 15:00:00,2.7,3.4452757348163887
2025-05-20 18:00:00,1.7,3.339331743884005
2025-05-20 21:00:00,3.0,3.2256078582152643
2025-05-21 00:00:00,4.0,3.976583172542983
2025-05-21 03:00:00,3.0,3.0841965022935
2025-05-21 06:00:00,3.3,2.664664901057731
2025-05-21 09:00:00,2.7,2.911198644823666
2025-05-21 12:00:00,2.0,2.7116701801339618
2025-05-21 15:00:00,1.3,2.788157415709064
2025-05-21 18:00:00,1.7,2.7032771597921657
2025-05-21 21:00:00,2.0,2.661235273905846
2025-05-22 09:00:00,1.0,2.114548310400516
2025-05-22 12:00:00,1.3,2.0693390246728107
2025-05-22 15:00:00,1.7,2.431345789746616
2025-05-22 18:00:00,2.3,2.5169712496060543
2025-05-22 21:00:00,1.0,2.738502506943276
2025-05-23 00:00:00,1.7,2.22455440815755
2025-05-23 03:00:00,1.3,2.4212075873599863
2025-05-23 06:00:00,2.0,1.8831190093509658
2025-05-23 09:00:00,2.3,2.312210120090114
2025-05-23 12:00:00,2.3,2.054119525655681
2025-05-23 15:00:00,3.3,2.3289272756244115
2025-05-23 18:00:00,0.7,1.880245250088703
2025-05-23 21:00:00,1.7,1.8225091773888187
2025-05-24 00:00:00,1.3,1.8640236117375701
2025-05-24 03:00:00,1.0,1.9802346796109913
2025-05-24 06:00:00,1.0,1.793326532895938
2025-05-24 09:00:00,1.0,1.5858396651061584
2025-05-24 12:00:00,1.0,2.113787461992167
2025-05-24 15:00:00,0.7,2.106707864836048
2025-05-24 18:00:00,0.7,1.8936141420048465
2025-05-24 21:00:00,1.0,1.7196380991299105
2025-05-25 00:00:00,1.7,2.038607559859117
2025-05-25 03:00:00,1.7,2.206251977702521
2025-05-25 06:00:00,2.0,2.445383674061911
2025-05-25 09:00:00,1.0,2.5244115571900307
2025-05-25 12:00:00,2.0,1.6952819948121096
2025-05-25 15:00:00,1.3,2.019469834447477
2025-05-25 18:00:00,1.7,1.7212321805791237
2025-05-25 21:00:00,1.0,1.3684212082362006
2025-05-26 00:00:00,1.0,1.125739332504474
2025-05-26 03:00:00,1.0,1.1164768724974412
2025-05-26 06:00:00,2.0,2.0498558670716505
2025-05-26 09:00:00,1.0,1.922416008731567
2025-05-26 12:00:00,3.0,1.705124848668192
2025-05-26 15:00:00,1.3,2.595622528933231
2025-05-26 18:00:00,2.0,2.4245412694984507
2025-05-26 21:00:00,2.7,2.8261045269476828
2025-05-27 00:00:00,2.0,2.6260360175484765
2025-05-27 03:00:00,2.0,2.5525735700333763
2025-05-27 06:00:00,1.0,2.2438001671767562
2025-05-27 09:00:00,2.3,2.3212233196020833
2025-05-27 12:00:00,3.0,3.7571431730100007
2025-05-27 15:00:00,3.0,3.2134963521750017
2025-05-27 18:00:00,4.0,3.1505290015046414
2025-05-27 21:00:00,4.3,4.779017861418634
2025-05-28 00:00:00,3.7,4.038102672074419
2025-05-28 03:00:00,4.3,4.294643557089512
2025-05-28 06:00:00,2.7,4.18143421738058
2025-05-29 00:00:00,6.3,2.8405782381190168
2025-05-29 03:00:00,5.0,5.741281796619864
2025-05-29 06:00:00,5.0,4.7233770107042
2025-05-29 09:00:00,5.3,5.049939757476061
2025-05-29 12:00:00,5.7,4.679884524050317
2025-05-29 15:00:00,5.3,5.091300523281039
2025-05-29 18:00:00,5.7,4.912629832981698
2025-05-29 21:00:00,5.3,4.8670142433632515
2025-05-30 00:00:00,4.3,3.5921563962838445
2025-05-30 03:00:00,4.3,4.299532230482581
2025-05-30 06:00:00,4.0,3.4797997844708703
2025-05-30 09:00:00,3.3,3.465045047854388
2025-05-30 12:00:00,4.0,3.3623445129958176
2025-05-30 15:00:00,4.7,4.107161772351163
2025-05-30 18:00:00,4.3,3.6081949424409645
2025-05-30 21:00:00,3.7,3.41676911116894
2025-05-31 00:00:00,3.3,3.7558397516516324
2025-05-31 03:00:00,3.0,3.638521371435945
2025-05-31 06:00:00,2.7,3.0297545611330685
2025-05-31 09:00:00,2.3,2.8617699336505438
2025-05-31 12:00:00,4.0,2.8490304139901013
2025-05-31 15:00:00,2.0,3.2223432551624467
2025-05-31 18:00:00,3.0,2.901957753180893
2025-05-31 21:00:00,3.7,3.7652463246101835
2025-06-01 00:00:00,5.0,3.9584158326622108
2025-06-01 03:00:00,5.7,3.6934085003282213
2025-06-01 06:00:00,7.7,5.974097897457631
2025-06-01 09:00:00,7.3,7.492344453594074
2025-06-01 12:00:00,7.3,6.20452080592302
2025-06-01 15:00:00,5.0,3.116688398732637
2025-06-01 18:00:00,6.7,4.019144122702548
2025-06-01 21:00:00,3.7,3.4566974336195724
2025-06-02 00:00:00,4.7,3.48072405579048
2025-06-02 03:00:00,4.7,3.847986329696221
2025-06-02 06:00:00,6.0,4.3924862341756565
2025-06-02 09:00:00,7.0,5.699172689163272
2025-06-02 12:00:00,6.0,6.026283394577089
2025-06-02 15:00:00,5.3,5.711692382526004
2025-06-02 18:00:00,5.3,4.893287669815518
2025-06-02 21:00:00,5.7,4.555248371360039
2025-06-03 00:00:00,5.7,5.5260953398330885
2025-06-03 03:00:00,7.0,5.188660371423263
2025-06-03 06:00:00,6.0,5.206719031382288
2025-06-03 09:00:00,5.7,4.427791278774152
2025-06-03 12:00:00,5.7,4.019650641942616
2025-06-03 15:00:00,5.0,3.8763896512815093
2025-06-03 18:00:00,2.3,3.068408862903678
2025-06-03 21:00:00,2.3,2.471281846721412
2025-06-04 00:00:00,1.0,2.5744366318849674
2025-06-04 03:00:00,3.3,2.8236300606529707
2025-06-04 06:00:00,3.0,3.441065745560197
2025-06-04 09:00:00,4.0,3.242154727987059
2025-06-04 12:00:00,5.3,3.96020311081638
2025-06-04 15:00:00,5.3,4.947289941963938
2025-06-05 03:00:00,1.7,2.873009027097573
2025-06-05 06:00:00,2.0,3.1446645156172246
2025-06-05 09:00:00,3.0,2.869389873666875
2025-06-05 12:00:00,2.7,2.8060168801115117
2025-06-05 15:00:00,3.3,3.0021584373671377
2025-06-05 18:00:00,2.7,2.679638570814121
2025-06-05 21:00:00,2.0,2.616661895265268
2025-06-06 00:00:00,2.0,2.1700078215134444
2025-06-06 03:00:00,1.3,1.7884002309017824
2025-06-06 06:00:00,2.0,1.8750144817598156
2025-06-06 09:00:00,2.0,1.8737445846422902
2025-06-06 12:00:00,1.7,1.7596550187892246
2025-06-06 15:00:00,2.0,1.9396659839762207
2025-06-06 18:00:00,2.3,2.117457917587641
2025-06-06 21:00:00,1.3,2.424896012305764
2025-06-07 00:00:00,2.0,1.7341079196517073
2025-06-07 03:00:00,2.0,2.1502983490026053
2025-06-07 06:00:00,3.3,3.243218496544319
2025-06-07 09:00:00,4.3,4.0521117220109515
2025-06-07 12:00:00,2.3,2.1297566558335226
2025-06-07 15:00:00,2.7,2.452792181071515
2025-06-07 18:00:00,4.3,3.6212605748808944
2025-06-07 21:00:00,4.0,4.6495576417417706
2025-06-08 00:00:00,1.7,1.875481122494502
2025-06-08 03:00:00,2.0,1.485963797040216
2025-06-08 06:00:00,2.0,1.6078079165199275
2025-06-08 09:00:00,2.3,2.034724415626299
2025-06-08 12:00:00,3.0,2.734198245846538
2025-06-08 15:00:00,3.7,3.642004513216477
2025-06-08 18:00:00,3.3,4.204412369052383
2025-06-08 21:00:00,4.0,4.399899555674627
2025-06-09 00:00:00,3.7,3.162307413681143
2025-06-09 03:00:00,4.0,2.695405152895752
2025-06-09 06:00:00,3.0,3.4751755716113966
2025-06-09 09:00:00,2.3,2.6344139427808178
2025-06-09 12:00:00,2.3,2.91705798049661
2025-06-09 15:00:00,2.7,2.754375823558149
2025-06-09 18:00:00,2.3,2.7496813038597363
2025-06-09 21:00:00,2.7,2.436061427073919
2025-06-10 00:00:00,2.7,2.842922256066106
2025-06-10 03:00:00,1.3,1.9729277875383318
2025-06-10 06:00:00,2.0,2.200936566631745
2025-06-10 09:00:00,1.7,1.8489247355362097
2025-06-10 12:00:00,1.7,1.3031633259386548
2025-06-10 15:00:00,1.7,1.7404012777253586
2025-06-10 18:00:00,2.0,2.443816764834672
2025-06-10 21:00:00,2.7,3.167948194150131
2025-06-11 00:00:00,3.3,3.124373798685731
2025-06-11 03:00:00,2.7,2.7048911300295235
2025-06-11 06:00:00,1.3,1.8666643019681766
2025-06-11 09:00:00,1.3,1.5725410414017196
2025-06-11 12:00:00,2.3,1.8720585491381214
2025-06-11 15:00:00,4.0,2.262234853309309
2025-06-11 18:00:00,4.0,4.514413596822078
2025-06-11 21:00:00,4.7,3.383075298868344
2025-06-12 00:00:00,4.7,4.403924965758922
2025-06-12 03:00:00,4.0,3.4674535177677672
2025-06-12 06:00:00,3.7,3.960628265503738
2025-06-12 09:00:00,3.3,3.4851537573452207
2025-06-12 12:00:00,3.7,2.9076011165570534
2025-06-12 15:00:00,2.7,3.086100920691716
2025-06-12 18:00:00,5.3,3.7594218858181545
2025-06-12 21:00:00,5.3,4.444247206230652
2025-06-13 00:00:00,6.7,5.127772035401775
2025-06-13 03:00:00,5.3,4.961389430229017
2025-06-13 06:00:00,5.0,4.779731387274701
2025-06-13 09:00:00,4.7,4.824588267971473
2025-06-13 12:00:00,6.0,5.246623791226941
2025-06-13 15:00:00,5.3,4.735789285266866
2025-06-13 18:00:00,6.0,4.867154490071696
2025-06-13 21:00:00,6.0,5.037342240539284
2025-06-14 00:00:00,4.7,4.70245370685587
2025-06-14 03:00:00,5.3,5.457558768349557
2025-06-14 06:00:00,3.0,3.3124444897636938
2025-06-14 09:00:00,2.7,3.845435413996401
2025-06-14 12:00:00,3.0,2.7817646801816878
2025-06-14 15:00:00,3.0,2.7809048609900056
2025-06-14 18:00:00,2.7,3.164111169066838
2025-06-14 21:00:00,2.7,3.0431180186495177
2025-06-15 00:00:00,1.7,2.0685885422944343
2025-06-15 03:00:00,1.3,2.29549259721632
2025-06-15 06:00:00,2.0,2.6833131405364554
2025-06-15 09:00:00,2.3,2.3036717632970936
2025-06-15 12:00:00,2.0,2.656169811049603
2025-06-15 15:00:00,3.0,2.609713538791881
2025-06-15 18:00:00,2.7,2.6539655030924507
2025-06-15 21:00:00,2.0,1.8718766853363158
2025-06-16 00:00:00,1.7,1.740936167861619
2025-06-16 03:00:00,2.7,2.121403883052621
2025-06-16 06:00:00,3.7,3.5066240787420995
2025-06-16 09:00:00,2.0,3.1611812564565867
2025-06-16 12:00:00,2.0,2.894523505148776
2025-06-16 15:00:00,1.7,2.9569096697122923
2025-06-16 18:00:00,2.3,2.886272308108391
2025-06-16 21:00:00,1.7,2.123416835075278
2025-06-17 00:00:00,1.7,2.485811630895276
2025-06-17 03:00:00,2.0,2.768645395575385
2025-06-17 06:00:00,1.7,2.4656216236148927
2025-06-17 09:00:00,1.3,2.2031414610803792
2025-06-17 12:00:00,2.3,2.2775767458412792
2025-06-17 15:00:00,2.3,2.87822921371038
2025-06-17 18:00:00,2.3,2.9129416772142793
2025-06-17 21:00:00,2.3,2.630047123744724
2025-06-18 00:00:00,3.0,3.1916255064406425
2025-06-18 03:00:00,2.3,2.4505853224047565
2025-06-18 06:00:00,2.0,2.4412626384052363
2025-06-18 09:00:00,2.7,2.859056208683058
2025-06-18 12:00:00,3.3,3.783265781138933
2025-06-18 15:00:00,2.3,2.415230470898532
2025-06-18 18:00:00,2.7,2.7782504536548287
2025-06-18 21:00:00,3.3,3.1558924909530717
2025-06-19 00:00:00,2.3,3.1937491625483183
2025-06-19 03:00:00,1.7,2.301974133060819
2025-06-19 06:00:00,1.3,2.4637071509232173
2025-06-19 09:00:00,1.0,2.237021245935865
2025-06-19 12:00:00,1.3,1.4980527386629081
2025-06-19 15:00:00,1.7,1.9036185064281823
2025-06-19 18:00:00,4.3,2.5787123340975144
2025-06-19 21:00:00,3.0,2.9197772596109672
2025-06-20 00:00:00,1.3,2.538594593627427
2025-06-20 03:00:00,2.0,2.3229994814747745
2025-06-20 06:00:00,2.7,2.746160387193049
2025-06-20 09:00:00,2.3,2.870675185235795
2025-06-20 12:00:00,2.3,2.5738227298927523
2025-06-20 15:00:00,3.0,2.248526688152131
2025-06-20 18:00:00,2.3,2.695041057324837
2025-06-20 21:00:00,0.7,2.0874338239160553
2025-06-21 00:00:00,1.7,1.7754148021163076
2025-06-21 03:00:00,3.0,2.191827936062405
2025-06-21 06:00:00,1.3,1.643053303397052
2025-06-21 09:00:00,1.3,1.7495433024046851
2025-06-21 12:00:00,2.7,2.667678125465052
2025-06-21 15:00:00,3.3,3.444114529936498
2025-06-21 18:00:00,1.3,3.0899983850857424
2025-06-21 21:00:00,2.7,1.7068677505775773
2025-06-22 00:00:00,3.3,2.399344003142679
2025-06-22 03:00:00,2.3,2.4456728918409008
2025-06-22 06:00:00,1.7,2.3370153585606475
2025-06-22 09:00:00,1.7,2.0229269938842913
2025-06-22 12:00:00,2.3,2.1410221838404357
2025-06-22 15:00:00,2.3,2.613647713025473
2025-06-22 18:00:00,2.3,2.525138851647671
2025-06-22 21:00:00,2.3,2.5026724820512674
2025-06-23 00:00:00,2.7,2.580382825019112
2025-06-23 03:00:00,1.3,1.9052443855484267
2025-06-23 06:00:00,1.0,1.720039275502031
2025-06-23 09:00:00,1.7,1.9864766053932206
2025-06-23 12:00:00,1.7,2.0074892059540224
2025-06-23 15:00:00,1.7,2.1251238457785555
2025-06-23 18:00:00,1.0,1.8479348733886565
2025-06-23 21:00:00,0.7,1.4986767652722595
2025-06-24 00:00:00,1.0,1.6818059772788352
2025-06-24 03:00:00,2.0,1.7966835771989234
2025-06-24 06:00:00,1.7,1.8817379152097304
2025-06-24 09:00:00,2.0,2.294425757290911
2025-06-24 12:00:00,2.3,2.4634398876537884
2025-06-24 15:00:00,2.7,2.519765643746422
2025-06-24 18:00:00,1.7,3.258641034383733
2025-06-24 21:00:00,1.3,1.969365197363469
2025-06-25 12:00:00,3.0,2.7974210243665394
2025-06-25 15:00:00,3.3,3.046953654973136
2025-06-25 18:00:00,4.0,4.249665140753583
2025-06-25 21:00:00,4.3,5.10800200723311
2025-06-26 00:00:00,4.3,5.008605020593131
2025-06-26 03:00:00,3.3,3.66031011156849
2025-06-26 06:00:00,3.7,4.791013765412803
2025-06-26 09:00:00,3.3,3.672838286074576
2025-06-26 12:00:00,4.3,4.233816917297418
2025-06-26 15:00:00,4.0,4.020773596929859
2025-06-26 18:00:00,4.0,4.190122925077211
2025-06-26 21:00:00,5.3,3.9556810237116453
2025-06-27 00:00:00,5.0,4.236310485040482
2025-06-27 03:00:00,4.0,3.9926504617631506
2025-06-27 06:00:00,4.0,3.2209262551049314
2025-06-27 09:00:00,3.0,3.258348727393037
2025-06-27 12:00:00,3.0,2.892841074068704
2025-06-27 15:00:00,2.3,2.862080149401147
2025-06-27 18:00:00,2.0,3.1994562115549634
2025-06-27 21:00:00,2.7,2.6339753801940144
2025-06-28 00:00:00,1.7,2.673214539854612
2025-06-28 03:00:00,2.0,2.255248431546233
2025-06-28 06:00:00,3.3,2.529588847613231
2025-06-28 09:00:00,2.3,2.9052843715739325
2025-06-28 12:00:00,2.0,3.0586742461623473
2025-06-28 15:00:00,1.3,2.6946810872358298
2025-06-28 18:00:00,2.0,2.33354146017228
2025-06-28 21:00:00,2.0,2.382670347190237
2025-06-29 00:00:00,1.7,2.4949670846938083
2025-06-29 03:00:00,1.3,2.1678956294529774
2025-06-29 06:00:00,1.7,2.0080907448349556
2025-06-29 09:00:00,2.0,2.1345677443142654
2025-06-29 12:00:00,1.7,1.991570882904224
2025-06-29 15:00:00,1.7,2.382572346569227
2025-06-29 18:00:00,2.3,2.656509097547953
2025-06-29 21:00:00,2.3,2.7341273200967
2025-06-30 00:00:00,2.0,2.334617378428477
2025-06-30 03:00:00,2.3,2.1030608452730855
2025-06-30 06:00:00,2.0,2.8843981036945365
2025-06-30 09:00:00,3.0,2.4495868946737183
2025-06-30 12:00:00,1.7,2.106792385920936
2025-06-30 15:00:00,3.0,2.1628973117837114
2025-06-30 18:00:00,3.0,3.07959697062796
2025-06-30 21:00:00,2.7,2.246149099393686
2025-07-01 00:00:00,3.3,3.103744375945021
2025-07-01 03:00:00,2.0,2.5699255672990913
2025-07-01 06:00:00,1.0,2.2829103971636977
2025-07-01 09:00:00,1.0,1.4089767456034639
2025-07-01 12:00:00,0.3,1.4536024565864352
2025-07-01 15:00:00,0.7,1.00592475071521
2025-07-01 18:00:00,0.7,1.0294892677432843
2025-07-01 21:00:00,1.3,1.7370486947762565
2025-07-02 00:00:00,1.3,1.6835163021163695
2025-07-02 03:00:00,1.0,1.6411757930398638
2025-07-02 06:00:00,1.7,1.732588718057433
2025-07-02 09:00:00,1.3,2.208286575647559
2025-07-02 12:00:00,2.3,2.0707497327807802
2025-07-02 15:00:00,1.7,2.157055489804522
2025-07-02 18:00:00,2.3,2.2303509331484923
2025-07-02 21:00:00,1.3,1.4866895416119055
2025-07-03 00:00:00,2.3,2.5765928231073074
2025-07-03 03:00:00,3.0,2.7095951919526122
2025-07-03 06:00:00,2.7,3.120319993801746
2025-07-03 09:00:00,3.3,1.6114777408765193
2025-07-03 12:00:00,4.0,2.0846034112869263
2025-07-03 15:00:00,2.3,2.6793830269929533
2025-07-03 18:00:00,2.0,2.3834266245518854
2025-07-03 21:00:00,3.7,3.2128107829236043
2025-07-04 00:00:00,2.7,3.393615847187721
2025-07-04 03:00:00,2.0,2.953975145669106
2025-07-04 06:00:00,2.3,2.5796938090986337
2025-07-04 09:00:00,0.7,1.6738332367248168
2025-07-04 12:00:00,1.0,1.5962627525985442
2025-07-04 15:00:00,1.0,1.5997070576581587
2025-07-04 18:00:00,3.0,2.5591388876838232
2025-07-04 21:00:00,3.7,3.236223765484244
2025-07-05 00:00:00,2.3,2.4359896077578185
2025-07-05 03:00:00,3.0,3.2193685502245155
2025-07-05 06:00:00,3.0,2.844771285021954
2025-07-05 09:00:00,3.7,4.053527801477031
2025-07-05 12:00:00,4.0,2.3745279634167527
2025-07-05 15:00:00,3.0,2.0950808080516476
2025-07-05 18:00:00,3.0,3.1460809663118887
2025-07-05 21:00:00,3.0,3.8437625890797804
2025-07-06 00:00:00,3.7,3.104353869729447
2025-07-06 03:00:00,5.0,3.84542273230203
2025-07-06 06:00:00,3.0,3.069993976571007
2025-07-06 09:00:00,3.3,2.7267865273064036
2025-07-06 12:00:00,3.0,3.7934682048936574
2025-07-06 15:00:00,1.7,1.836779940587907
2025-07-06 18:00:00,3.0,1.766225617715157
2025-07-06 21:00:00,5.0,3.7006276366887687
2025-07-07 00:00:00,5.0,5.175818914774523
2025-07-07 03:00:00,4.0,4.38133632228875
2025-07-07 06:00:00,2.7,3.5476845285547816
2025-07-07 09:00:00,2.7,2.708084625880417
2025-07-07 12:00:00,3.0,2.8139987265866537
2025-07-07 15:00:00,3.7,3.134549550456926
2025-07-07 18:00:00,2.7,3.29488641125127
2025-07-07 21:00:00,3.0,3.070633582250815
2025-07-08 00:00:00,3.0,2.9457272410494952
2025-07-08 03:00:00,3.3,2.565512271056025
2025-07-08 06:00:00,2.7,2.9399432684427067
2025-07-08 09:00:00,2.3,2.926416228907202
2025-07-08 12:00:00,2.0,2.800053435123108
2025-07-08 15:00:00,2.7,2.5281023867371313
2025-07-08 18:00:00,1.7,2.8096646349823318
2025-07-08 21:00:00,2.7,2.571061193406055
2025-07-09 00:00:00,2.7,2.517402376859301
2025-07-09 03:00:00,2.3,2.084389831301091
2025-07-09 06:00:00,1.3,1.7259499485817769
2025-07-09 21:00:00,1.3,1.3805002782391933
2025-07-10 00:00:00,0.7,1.0911517654881944
2025-07-10 03:00:00,0.7,0.8131604464153921
2025-07-10 06:00:00,1.0,0.5293409063531471
2025-07-10 09:00:00,0.7,0.39095129480236457
2025-07-10 12:00:00,0.3,0.7355116088396896
2025-07-10 15:00:00,0.7,1.1425816969585711
2025-07-10 18:00:00,0.7,0.7352823751087965
2025-07-10 21:00:00,0.3,1.2505710588926287
2025-07-11 00:00:00,1.7,1.1797539397772394
2025-07-11 03:00:00,2.7,2.3349923157437567
2025-07-11 06:00:00,2.7,2.235827976627399
2025-07-11 09:00:00,4.3,3.341160667844438
2025-07-11 12:00:00,3.0,4.163855374198437
2025-07-11 15:00:00,2.7,3.3840270294960813
2025-07-11 18:00:00,4.3,2.8929359295615176
2025-07-11 21:00:00,3.3,3.6328428709514067
2025-07-12 00:00:00,2.7,2.790343665822344
2025-07-12 03:00:00,2.7,3.1014788103647595
2025-07-12 06:00:00,3.0,3.797753099313727
2025-07-12 09:00:00,3.0,3.144598932000577
2025-07-12 12:00:00,3.0,3.97703347006298
2025-07-12 15:00:00,2.0,3.776728424798274
2025-07-12 18:00:00,2.3,3.764392354307615
2025-07-12 21:00:00,2.3,3.3432962465081
2025-07-13 00:00:00,3.7,3.1575888431824715
2025-07-13 03:00:00,4.3,4.516692618659093
2025-07-13 06:00:00,3.7,4.012610516905493
2025-07-13 09:00:00,3.3,3.303001965959435
2025-07-13 12:00:00,4.0,3.753047520341852
2025-07-13 15:00:00,3.0,3.41056143931056
2025-07-13 18:00:00,3.3,3.3349298148108835
2025-07-13 21:00:00,3.0,3.545000695324931
2025-07-14 00:00:00,1.3,2.610110023472442
2025-07-14 03:00:00,2.3,2.6965690895271823
2025-07-14 06:00:00,2.7,2.227843836386473
2025-07-14 09:00:00,1.3,2.5352479940423183
2025-07-14 12:00:00,3.0,2.1445869030069318
2025-07-14 15:00:00,3.3,3.1648858315851864
2025-07-14 18:00:00,4.3,3.4912377687842504
2025-07-14 21:00:00,3.0,3.2431157498431276
2025-07-15 00:00:00,3.7,3.4158996661005414
2025-07-15 03:00:00,4.3,3.887000817577529
2025-07-15 06:00:00,4.7,3.5644922468733005
2025-07-15 09:00:00,4.3,4.020055933726925
2025-07-15 12:00:00,3.0,2.7308458129071633
2025-07-15 15:00:00,2.0,2.9681137972017027
2025-07-15 18:00:00,1.3,2.2466302455788405
2025-07-15 21:00:00,1.7,2.434024528752182
2025-07-16 00:00:00,3.0,2.7986971459604133
2025-07-16 03:00:00,2.7,2.830528713410433
2025-07-16 06:00:00,3.0,2.899174396686926
2025-07-16 09:00:00,3.3,2.8397159601653597
2025-07-16 12:00:00,1.7,2.3769977671414835
2025-07-16 15:00:00,1.3,1.9775569824348467
2025-07-16 18:00:00,3.7,2.2014149025220147
2025-07-16 21:00:00,4.7,3.536445570051252
2025-07-17 00:00:00,3.3,3.285407709627685
2025-07-17 03:00:00,4.0,3.604974999514532
2025-07-17 06:00:00,3.7,3.019771535663872
2025-07-17 09:00:00,3.7,3.457170719598393
2025-07-17 12:00:00,3.7,3.7301579976338815
2025-07-17 15:00:00,4.0,3.7860117589957274
2025-07-17 18:00:00,2.7,3.4736910041831743
2025-07-17 21:00:00,1.3,3.237009236361647
2025-07-18 00:00:00,1.3,2.4600169601481623
2025-07-18 03:00:00,1.3,2.2327271564160625
2025-07-18 06:00:00,1.7,2.390620818999957
2025-07-18 09:00:00,2.3,2.5393386425021154
2025-07-18 12:00:00,4.0,2.4700578059436356
2025-07-18 15:00:00,3.7,2.5069346393127354
2025-07-18 18:00:00,1.7,2.9218401964417104
2025-07-18 21:00:00,1.7,2.530456479786996
2025-07-19 00:00:00,1.0,2.19725228201558
2025-07-19 03:00:00,2.3,2.1644193544503425
2025-07-19 06:00:00,1.3,2.36434634203658
2025-07-19 09:00:00,1.3,1.7378818066626411
2025-07-19 12:00:00,1.7,2.2643851151628662
2025-07-19 15:00:00,2.7,2.0089866482647563
2025-07-19 18:00:00,1.7,2.2646092174423726
2025-07-19 21:00:00,1.0,2.182568145643789
2025-07-20 00:00:00,1.0,1.1523507107431268
2025-07-20 03:00:00,1.0,1.424272666544792
2025-07-20 06:00:00,1.0,1.115886983733895
2025-07-20 09:00:00,1.7,1.4164388888945632
2025-07-20 12:00:00,1.7,1.5072559053597925
2025-07-20 15:00:00,1.3,1.5669866065088198
2025-07-20 18:00:00,0.7,1.7819005854463956
2025-07-20 21:00:00,1.3,1.63387567364481
2025-07-21 00:00:00,1.3,1.6385530744160495
2025-07-21 03:00:00,1.3,1.5514557390552373
2025-07-21 06:00:00,0.7,1.1171510232315887
2025-07-21 09:00:00,0.3,1.1561210122997145
2025-07-21 12:00:00,1.0,0.8854786862090962
2025-07-21 15:00:00,0.3,1.1488871151315347
2025-07-21 18:00:00,0.3,1.3375002851124282
2025-07-21 21:00:00,0.3,1.5163316057838558
2025-07-22 00:00:00,0.3,1.4497634900410339
2025-07-22 03:00:00,2.0,1.4176188237177207
2025-07-22 06:00:00,1.0,1.972510729732602
2025-07-22 09:00:00,1.7,1.595101489833736
2025-07-22 12:00:00,1.7,1.9200385574051653
2025-07-22 15:00:00,3.0,2.6480262216587986
2025-07-22 18:00:00,4.0,3.1097357714507416
2025-07-22 21:00:00,4.7,4.729341725193754
2025-07-23 00:00:00,4.0,4.617092021720371
2025-07-23 03:00:00,3.7,4.95970317118584
2025-07-23 06:00:00,3.7,3.5533917849266325
2025-07-23 09:00:00,4.7,3.579668845189241
2025-07-23 12:00:00,4.7,3.5131744562096157
2025-07-23 15:00:00,3.0,3.5663549830297394
2025-07-23 18:00:00,4.0,3.160985175568112
2025-07-23 21:00:00,3.7,3.4927720875987607
2025-07-24 00:00:00,3.7,3.0720646624685934
2025-07-24 03:00:00,2.7,3.1969896698544438
2025-07-24 06:00:00,2.7,2.765367601531644
2025-07-24 09:00:00,3.7,3.294462435127821
2025-07-24 12:00:00,3.0,2.6748167524241055
2025-07-24 15:00:00,3.3,3.1611287802880583
2025-07-24 18:00:00,2.7,3.317253483175369
2025-07-24 21:00:00,2.0,2.4970146838606415
2025-07-25 00:00:00,2.0,2.7491298312423
2025-07-25 03:00:00,2.3,2.176027039250981
2025-07-25 06:00:00,1.7,2.485614224891098
2025-07-25 09:00:00,1.7,2.0116376976307007
2025-07-25 12:00:00,2.0,2.1557339144499963
2025-07-25 15:00:00,2.3,2.210422133538911
2025-07-25 18:00:00,2.0,2.1273106684773397
2025-07-25 21:00:00,2.7,2.451601071092631
2025-07-26 00:00:00,1.7,2.689685852693953
2025-07-26 03:00:00,1.0,2.6217240552022614
2025-07-26 06:00:00,1.3,1.9972478853814783
2025-07-26 09:00:00,2.3,2.5609944261344157
2025-07-26 12:00:00,3.0,3.635123254417127
2025-07-26 15:00:00,3.7,3.3585787936440186
2025-07-26 18:00:00,3.0,3.8603834293954433
2025-07-26 21:00:00,2.0,2.4596660746394345
2025-07-27 00:00:00,0.7,1.3171361550747869
2025-07-27 03:00:00,0.7,0.9796859239505709
2025-07-27 06:00:00,1.0,0.7913153062355003
2025-07-27 09:00:00,1.3,1.004646892685043
2025-07-27 12:00:00,0.3,0.7576780450968961
2025-07-27 15:00:00,1.0,1.318049840268833
2025-07-27 18:00:00,1.0,1.4565945167836403
2025-07-27 21:00:00,0.7,1.296658740433759
2025-07-28 00:00:00,0.7,1.1211872576186463
2025-07-28 03:00:00,1.0,1.2815709500044157
2025-07-28 06:00:00,1.0,1.2800865006466273
2025-07-28 09:00:00,1.0,1.0932713491260142
2025-07-28 12:00:00,1.3,1.6650007424318773
2025-07-28 15:00:00,1.3,2.2874034210595102
2025-07-28 18:00:00,2.3,2.032246667287753
2025-07-28 21:00:00,2.3,1.883990974594425
2025-07-29 00:00:00,2.7,2.3866391831659537
2025-07-29 03:00:00,2.0,2.0117456041028774
2025-07-29 06:00:00,2.0,1.7974090586914475
2025-07-29 09:00:00,1.7,1.7781969223284773
2025-07-29 12:00:00,0.7,1.651512820567925
2025-07-29 15:00:00,1.0,1.2405809646690762
2025-07-29 18:00:00,1.0,1.4602742917051548
2025-07-29 21:00:00,2.0,1.442853253039066
2025-07-30 00:00:00,1.7,1.6875722034591938
2025-07-30 03:00:00,1.3,2.6660942659264046
2025-07-30 06:00:00,1.0,1.925445377577662
2025-07-30 09:00:00,2.0,1.5589108272869825
2025-07-30 12:00:00,2.3,2.5668479736336343
2025-07-30 15:00:00,3.0,2.8024630272969855
2025-07-30 18:00:00,2.0,3.394187335273414
2025-07-30 21:00:00,1.0,2.2904032374947882
2025-07-31 00:00:00,3.0,2.3360231682133645
2025-07-31 03:00:00,2.0,2.7476561027396693
2025-07-31 06:00:00,1.7,2.0508010904731377
2025-07-31 09:00:00,2.3,2.3341973629252677
2025-07-31 12:00:00,2.3,2.541061073246725
2025-07-31 15:00:00,2.0,2.5652057501558083
2025-07-31 18:00:00,2.0,2.248296057338682
2025-07-31 21:00:00,2.0,2.233919296708135
2025-08-01 00:00:00,2.3,1.6326176363453295
2025-08-01 03:00:00,2.7,2.8482342155085525
2025-08-01 06:00:00,2.3,2.8276243519465716
2025-08-01 09:00:00,2.3,2.1801447630372777
2025-08-01 12:00:00,3.0,2.4661006734723516
2025-08-01 15:00:00,1.3,2.6157582429576944
2025-08-01 18:00:00,2.7,2.140957334579342
2025-08-01 21:00:00,3.3,3.200144758681308
2025-08-02 00:00:00,3.0,2.2181789933467613
2025-08-02 03:00:00,2.0,2.6443943971085813
2025-08-02 06:00:00,1.3,2.357317463615356
2025-08-02 09:00:00,1.0,1.705009279439534
2025-08-02 12:00:00,1.7,1.7524233362496604
2025-08-02 15:00:00,2.3,2.1648089568292814
2025-08-02 18:00:00,2.3,2.3693736190879164
2025-08-02 21:00:00,2.7,2.254913121939508
2025-08-03 00:00:00,1.7,2.413288352413942
2025-08-03 03:00:00,1.0,1.8242816236916604
2025-08-03 06:00:00,1.0,1.9242572948906247
2025-08-03 09:00:00,1.7,1.2862490733661067
2025-08-03 12:00:00,1.7,1.5971772707477911
2025-08-03 21:00:00,1.7,2.301681044528661
2025-08-04 00:00:00,0.3,1.7095303616669526
2025-08-04 03:00:00,1.3,1.7604360835660176
2025-08-04 06:00:00,2.0,2.4054914239979452
2025-08-04 09:00:00,2.3,2.522756067436342
2025-08-04 12:00:00,2.0,2.3090625073432562
2025-08-04 15:00:00,2.3,2.65347765527867
2025-08-04 18:00:00,2.0,2.846194905861562
2025-08-04 21:00:00,2.3,2.872163929024739
2025-08-05 00:00:00,3.0,3.1568952412993285
2025-08-05 03:00:00,2.0,2.1800384661371215
2025-08-05 06:00:00,0.7,1.663115070492638
2025-08-05 09:00:00,1.3,1.9053538563058505
2025-08-05 12:00:00,2.7,1.7948691622792652
2025-08-05 15:00:00,2.3,2.1630107983625777
2025-08-05 18:00:00,2.7,2.079400468528807
2025-08-05 21:00:00,2.3,2.5663206678366297
2025-08-06 00:00:00,1.7,1.9725221323826927
2025-08-06 03:00:00,1.3,1.72077674915049
2025-08-06 06:00:00,0.7,1.5642640273664465
2025-08-06 09:00:00,1.3,1.3120447633841625
2025-08-06 12:00:00,1.0,1.0615055532111037
2025-08-06 15:00:00,2.0,1.2393733013235613
2025-08-06 18:00:00,1.3,1.254150792105652
2025-08-06 21:00:00,2.7,1.5230263386666136
2025-08-07 00:00:00,1.0,1.0436470631661947
2025-08-07 03:00:00,1.0,1.0286269227935536
2025-08-07 06:00:00,0.3,0.8632332558747834
2025-08-07 09:00:00,1.0,0.9170454814027202
2025-08-07 12:00:00,0.7,0.9162057907163311
2025-08-07 15:00:00,0.3,0.9571559210410951
2025-08-07 18:00:00,0.3,0.9324452634416445
2025-08-07 21:00:00,1.0,0.9039722230769216
2025-08-08 00:00:00,0.3,1.1022298817037057
2025-08-08 03:00:00,1.3,1.2591922509698619
2025-08-08 06:00:00,1.0,1.6927709082358076
2025-08-08 09:00:00,3.0,2.227801934482831
2025-08-08 12:00:00,4.7,4.0354206824562455
2025-08-08 15:00:00,4.0,5.5781750679210855
2025-08-08 18:00:00,5.0,5.836814203633254
2025-08-08 21:00:00,3.3,5.6831179031277985
2025-08-09 00:00:00,5.0,3.472839270174222
2025-08-09 03:00:00,4.7,4.99005808330439
2025-08-09 06:00:00,5.0,5.198821372010764
2025-08-09 09:00:00,5.0,4.76793482563892
2025-08-09 12:00:00,5.0,5.2932437717771466
2025-08-09 15:00:00,5.7,5.316304199803996
2025-08-09 18:00:00,4.0,4.2712380282153894
2025-08-09 21:00:00,3.3,3.448324545756091
2025-08-10 00:00:00,3.3,2.7977712983597725
2025-08-10 03:00:00,2.3,2.4521543190621253
2025-08-10 06:00:00,4.3,2.75691809733593
2025-08-10 09:00:00,4.0,3.5078419395304885
2025-08-10 12:00:00,3.0,3.227309385657053
2025-08-10 15:00:00,4.0,2.9524849367806336
2025-08-10 18:00:00,4.0,3.0771711966815705
2025-08-10 21:00:00,3.0,2.8857364163401593
2025-08-11 00:00:00,4.3,3.263842207812533
2025-08-11 03:00:00,2.3,3.123013092956196
2025-08-11 06:00:00,3.3,2.5304967197975086
2025-08-11 09:00:00,2.3,2.659009001879545
2025-08-11 12:00:00,3.3,2.1561005499514896
2025-08-11 15:00:00,4.0,2.952287789401093
2025-08-11 18:00:00,2.3,2.70144157768794
2025-08-11 21:00:00,2.7,2.792132027298365
2025-08-12 00:00:00,4.0,3.2570465961050883
2025-08-12 03:00:00,3.0,3.3094105341354974
2025-08-12 06:00:00,2.0,2.284592801133673
2025-08-12 09:00:00,2.0,2.658665931754766
2025-08-12 12:00:00,3.0,2.7733605213454147
2025-08-12 15:00:00,2.7,2.5180375874263796
2025-08-12 18:00:00,2.3,2.7108475820769904
2025-08-12 21:00:00,3.0,3.094597000624103
2025-08-13 00:00:00,2.0,2.6401282409639837
2025-08-13 03:00:00,2.7,2.8438980100584033
2025-08-13 06:00:00,2.7,2.5435316327042123
2025-08-13 09:00:00,2.3,2.4289776628082187
2025-08-13 12:00:00,2.7,1.9013395304616632
2025-08-13 15:00:00,3.0,2.513793612833245
2025-08-13 18:00:00,3.0,2.9469553319163033
2025-08-13 21:00:00,3.3,2.7130519895189633
2025-08-14 00:00:00,3.3,2.3938017316868643
2025-08-14 03:00:00,2.0,2.818313861286076
2025-08-14 06:00:00,3.0,2.6416472100881148
2025-08-14 09:00:00,2.7,2.436522933980588
2025-08-14 12:00:00,2.0,2.4432583042364526
2025-08-14 15:00:00,1.3,2.2458052896521545
2025-08-14 18:00:00,1.3,2.2072901536716625
2025-08-14 21:00:00,2.0,2.0110146555293853
2025-08-15 00:00:00,2.3,2.26667918624353
2025-08-15 03:00:00,2.0,2.321676421531186
2025-08-15 06:00:00,2.0,2.1615619207686176
2025-08-15 09:00:00,1.3,1.9975257147526972
2025-08-15 12:00:00,1.3,1.6443934264141178
2025-08-15 15:00:00,1.3,1.29995002810498
2025-08-15 18:00:00,1.7,1.528000233711763
2025-08-15 21:00:00,1.3,1.2674914644291877
2025-08-16 00:00:00,0.3,1.5177739082531727
2025-08-16 03:00:00,1.3,1.1208261435629252
2025-08-16 06:00:00,0.7,0.9596295130914055
2025-08-16 09:00:00,1.3,1.2620884006389053
2025-08-16 12:00:00,1.0,0.9806560676936524
2025-08-16 15:00:00,1.7,1.1634290686020334
2025-08-16 18:00:00,1.0,1.495949123001529
2025-08-16 21:00:00,1.7,1.2733244222111844
2025-08-17 00:00:00,0.7,1.301553853005273
2025-08-17 03:00:00,1.3,1.3443406432898948
2025-08-17 06:00:00,1.7,1.384524201002213
2025-08-17 09:00:00,1.0,0.8925722791985089
2025-08-17 12:00:00,1.7,1.311780039278363
2025-08-17 15:00:00,1.0,1.3981758906062705
2025-08-17 18:00:00,0.3,1.2246245047214988
2025-08-17 21:00:00,0.0,0.8795961577228143
2025-08-18 00:00:00,0.0,0.6923588657788671
2025-08-18 03:00:00,0.3,0.4162243448600209
2025-08-18 06:00:00,0.7,0.9859819985660113
2025-08-18 09:00:00,2.0,2.039005218037994
2025-08-18 12:00:00,2.3,3.244121558388685
2025-08-18 15:00:00,3.0,2.6987022432114296
2025-08-18 18:00:00,1.3,1.983248118440614
2025-08-18 21:00:00,2.0,2.4293667682652873
2025-08-19 00:00:00,3.0,3.161083504471926
2025-08-19 03:00:00,2.0,2.9256795658720334
2025-08-19 06:00:00,2.0,2.3171691232198017
2025-08-19 09:00:00,2.3,2.7198258873721675
2025-08-19 12:00:00,4.0,3.5966669771443254
2025-08-19 15:00:00,4.0,4.2731542660616775
2025-08-19 18:00:00,4.7,4.942787094641561
2025-08-19 21:00:00,3.7,4.3630737623534595
2025-08-20 00:00:00,4.0,3.763589886666187
2025-08-20 03:00:00,3.0,3.4673766807670243
2025-08-20 06:00:00,3.0,2.4191733827426285
2025-08-20 09:00:00,2.0,2.6003915645982745
2025-08-20 12:00:00,1.3,2.155360544628157
2025-08-20 15:00:00,2.0,2.586458267044373
2025-08-20 18:00:00,2.3,2.2390984336751965
2025-08-20 21:00:00,3.0,2.372254072092505
2025-08-21 00:00:00,2.7,2.4024551777730294
2025-08-21 03:00:00,2.0,2.402337663784117
2025-08-21 06:00:00,0.7,1.3628413937130806
2025-08-21 09:00:00,1.0,1.0904295204843502
2025-08-21 12:00:00,1.0,1.118446070958329
2025-08-21 15:00:00,1.7,1.3433765874305836
2025-08-21 18:00:00,2.3,2.435921979992303
2025-08-21 21:00:00,2.0,2.40508423185394
2025-08-22 00:00:00,3.0,2.165895110153604
2025-08-22 03:00:00,2.0,1.8849356208683699
2025-08-22 06:00:00,0.7,1.818414495371561
2025-08-22 09:00:00,0.7,1.4382522348105626
2025-08-22 12:00:00,1.7,1.1408021569135274
2025-08-22 15:00:00,1.7,1.7360988159734962
2025-08-22 18:00:00,2.0,1.9151293194624244
2025-08-22 21:00:00,2.7,2.1045518808262162
2025-08-23 00:00:00,2.0,2.5732248007533767
2025-08-23 03:00:00,2.0,2.2674852700411767
2025-08-23 06:00:00,1.0,1.5206340427331144
2025-08-23 09:00:00,1.7,1.1677580390014806
2025-08-23 12:00:00,1.0,1.0472864849772234
2025-08-23 15:00:00,0.7,1.0499838819081175
2025-08-23 18:00:00,0.7,1.1958866673419872
2025-08-23 21:00:00,1.3,1.1159486945380563
2025-08-24 00:00:00,1.7,1.4350325272501636
2025-08-24 03:00:00,1.7,1.5838495312568774
2025-08-24 06:00:00,0.7,1.1483136022646314
2025-08-24 09:00:00,1.0,1.1162465451309354
2025-08-24 12:00:00,1.0,1.0609715912978483
2025-08-24 15:00:00,1.3,1.332405776208955
2025-08-24 18:00:00,1.7,2.301921819566465
2025-08-24 21:00:00,1.0,1.7592119299680136
2025-08-25 00:00:00,0.7,1.6280351335930783
2025-08-25 03:00:00,1.7,1.7346022665505412
2025-08-25 06:00:00,0.3,1.5697987354995684
2025-08-25 09:00:00,1.0,1.6375064071016976
2025-08-25 12:00:00,3.0,1.639553599331221
2025-08-25 15:00:00,3.0,2.7168201202048867
2025-08-25 18:00:00,1.7,2.139373153228169
2025-08-25 21:00:00,1.7,2.251061488890986
2025-08-26 00:00:00,1.7,1.7336350755611778
2025-08-26 03:00:00,2.7,2.598703750494533
2025-08-26 06:00:00,1.7,2.6882898291785295
2025-08-26 09:00:00,2.3,1.7652833268959898
2025-08-26 12:00:00,1.3,1.2734257193793808
2025-08-26 15:00:00,1.0,1.5810172190198704
2025-08-26 18:00:00,1.3,1.5178437485680616
2025-08-26 21:00:00,1.7,1.7327709232246027
2025-08-27 00:00:00,1.3,2.4003996476808744
2025-08-27 03:00:00,0.7,1.756772990356505
2025-08-27 06:00:00,0.7,1.1085996497517236
2025-08-27 09:00:00,2.3,1.0092500378821536
2025-08-27 12:00:00,2.7,2.242961857064038
2025-08-27 15:00:00,1.7,2.362906063740551
2025-08-27 18:00:00,2.0,1.8549470126572736
2025-08-27 21:00:00,2.0,2.079850565307948
2025-08-28 00:00:00,1.7,1.9885446596876561
2025-08-28 03:00:00,1.3,1.485127785866183
2025-08-28 06:00:00,2.0,1.4763015240897388
2025-08-28 09:00:00,1.3,2.146039185681585
2025-08-28 12:00:00,1.7,1.6195653924321134
2025-08-28 15:00:00,1.7,1.894531796762833
2025-08-28 18:00:00,1.7,1.2526709935767522
2025-08-28 21:00:00,2.0,2.092834107075561
2025-08-29 00:00:00,2.0,1.8317550055010077
2025-08-29 03:00:00,1.7,1.6558472873677232
2025-08-29 06:00:00,0.7,1.579760311717497
2025-08-29 09:00:00,1.0,1.0044172797456996
2025-08-29 12:00:00,1.7,1.2285421180422598
2025-08-29 15:00:00,1.3,1.3006321549841287
2025-08-29 18:00:00,2.0,1.8319843176366353
2025-08-29 21:00:00,2.0,2.304566408380839
2025-08-30 00:00:00,1.3,1.8380594561108687
2025-08-30 03:00:00,1.0,1.4101500707484482
2025-08-30 18:00:00,1.7,2.260699243785589
2025-08-30 21:00:00,2.3,1.523936369087615
2025-08-31 00:00:00,2.0,1.8887876147148326
2025-08-31 03:00:00,1.7,2.130657764509063
2025-08-31 06:00:00,1.3,1.8192684116098115
2025-08-31 09:00:00,2.3,2.4475394840472204
2025-08-31 12:00:00,1.7,2.242448780248496
2025-08-31 15:00:00,2.0,1.4988954236935426
2025-08-31 18:00:00,1.7,1.6021035480201713
2025-08-31 21:00:00,1.0,2.1496354619111355
2025-09-01 00:00:00,1.3,1.7474515280578786
2025-09-01 03:00:00,1.3,1.615384308915786
2025-09-01 06:00:00,1.0,1.3994253336658118
2025-09-01 09:00:00,1.0,1.2823623933785926
2025-09-01 12:00:00,1.0,1.4153661503654893
2025-09-01 15:00:00,1.7,1.3713234319669692
2025-09-01 18:00:00,3.0,1.6052532547355014
2025-09-01 21:00:00,5.7,2.066929779785702
2025-09-02 00:00:00,5.3,5.496790249065327
2025-09-02 03:00:00,4.3,3.481455140064105
2025-09-02 06:00:00,4.0,2.909617872580184
2025-09-02 09:00:00,3.3,3.6041213819857405
2025-09-02 12:00:00,3.0,3.3041734318773983
2025-09-03 00:00:00,4.3,4.402771924155778
2025-09-03 03:00:00,3.3,3.772327175293823
2025-09-03 06:00:00,2.0,2.9876598196110087
2025-09-03 09:00:00,2.3,2.188370180667333
2025-09-03 12:00:00,1.7,2.236781233792334
2025-09-04 00:00:00,1.3,1.3955121419537826
2025-09-04 03:00:00,0.7,1.319605308905642
2025-09-04 06:00:00,1.7,1.7006376497159137
2025-09-04 09:00:00,2.7,2.072234361166455
2025-09-04 12:00:00,2.3,2.0470676061974067
2025-09-04 15:00:00,2.3,2.5858908277754846
2025-09-04 18:00:00,2.3,2.550277551946336
2025-09-04 21:00:00,3.0,2.614461018232571
2025-09-05 00:00:00,1.3,2.2140653013740863
2025-09-05 03:00:00,0.3,1.5854978705121154
2025-09-05 06:00:00,0.7,1.2590643663345156
2025-09-05 09:00:00,1.7,2.4627890028903345
2025-09-05 12:00:00,1.0,2.204484458629511
2025-09-05 15:00:00,1.3,2.24975897270407
2025-09-05 18:00:00,2.7,2.5325839037533595
2025-09-05 21:00:00,3.0,2.817892417243568
2025-09-06 00:00:00,3.3,3.129430298150643
2025-09-06 03:00:00,3.7,3.8851567314717252
2025-09-06 06:00:00,4.0,4.151376145128312
2025-09-06 09:00:00,3.7,3.4448929106307644
2025-09-06 12:00:00,4.0,4.078545012116688
2025-09-06 15:00:00,5.0,5.1570670190645975
2025-09-06 18:00:00,4.0,5.717839519015488
2025-09-06 21:00:00,1.3,3.2520159794067585
2025-09-07 00:00:00,0.0,1.8963490540277401
2025-09-07 03:00:00,0.3,1.3963806396968885
2025-09-07 06:00:00,0.0,1.3676582225264307
2025-09-07 09:00:00,0.0,1.5695267938286528
2025-09-07 12:00:00,0.3,1.7502035283595836
2025-09-07 15:00:00,0.3,2.2484886056293956
2025-09-07 18:00:00,1.7,2.2503906107520093
2025-09-07 21:00:00,2.0,2.6462820236426214
2025-09-08 00:00:00,3.3,2.7705327019198487
2025-09-08 03:00:00,3.7,2.5539121341457736
2025-09-08 06:00:00,2.3,2.685476110339828
2025-09-08 09:00:00,2.0,2.3300600209152447
2025-09-08 12:00:00,3.0,2.1759155978199853
2025-09-08 15:00:00,2.7,2.120650087876549
2025-09-08 18:00:00,3.0,2.5760699335304755
2025-09-08 21:00:00,1.3,2.597876452010264
2025-09-09 00:00:00,3.0,2.3394174017540066
2025-09-09 03:00:00,2.3,2.797762589793779
2025-09-09 06:00:00,2.7,2.6451983540835466
2025-09-09 09:00:00,2.0,2.396683329069655
2025-09-09 12:00:00,2.7,2.0206604256309064
2025-09-09 15:00:00,2.0,2.3265210085832035
2025-09-09 18:00:00,3.0,2.8537207855273463
2025-09-10 06:00:00,0.7,2.327468371511744
2025-09-10 09:00:00,1.7,1.9399743369692677
2025-09-10 12:00:00,2.0,1.8316040439418018
2025-09-10 15:00:00,2.0,2.084779369059395
2025-09-10 18:00:00,1.3,1.9952919996649074
2025-09-10 21:00:00,1.3,2.0559292818548243
2025-09-11 00:00:00,3.3,2.2121944697317977
2025-09-11 03:00:00,2.3,2.569163757108864
2025-09-11 06:00:00,2.3,2.7923705308954423
2025-09-11 09:00:00,1.3,2.1905200170663703
2025-09-11 12:00:00,1.3,1.9617296574607965
2025-09-11 15:00:00,1.7,2.0999369342122356
2025-09-11 18:00:00,1.0,1.4576203291659091
2025-09-11 21:00:00,1.7,1.750563674497943
2025-09-12 00:00:00,0.3,1.5678431262497592
2025-09-12 03:00:00,2.0,1.6791827778209425
2025-09-12 06:00:00,2.3,2.1377144209706094
2025-09-12 09:00:00,2.7,1.7540900187565718
2025-09-12 12:00:00,1.7,2.1725165479147273
2025-09-12 15:00:00,1.7,2.029809678564189
2025-09-12 18:00:00,1.7,2.110794322574806
2025-09-12 21:00:00,0.7,1.9642700466518892
2025-09-13 00:00:00,1.3,1.9714942176263217
2025-09-13 03:00:00,2.3,1.9498795749694133
2025-09-13 06:00:00,2.7,1.9459431127578468
2025-09-13 09:00:00,1.7,1.8712717804703323
2025-09-13 21:00:00,0.7,1.8878776772924002
2025-09-14 00:00:00,1.7,1.9563143119346416
2025-09-14 03:00:00,1.7,2.0356792192201656
2025-09-14 06:00:00,1.7,2.311489400148701
2025-09-14 09:00:00,1.7,2.458928751717532
2025-09-14 12:00:00,1.7,2.143726444409671
2025-09-14 15:00:00,2.0,2.3475950833161647
2025-09-14 18:00:00,2.7,3.6172715933454134
2025-09-14 21:00:00,4.7,3.041219297203907
2025-09-15 00:00:00,6.7,6.432362173071748
2025-09-15 03:00:00,5.7,6.266927525055344
2025-09-15 06:00:00,4.7,4.456139268226664
2025-09-15 09:00:00,4.7,3.5046350096749586
2025-09-15 12:00:00,5.3,4.618848109527008
2025-09-15 15:00:00,3.7,4.009683309719579
2025-09-15 18:00:00,3.7,3.6411046313324418
2025-09-15 21:00:00,4.0,4.025245787357166
2025-09-16 00:00:00,4.3,4.027866277520678
2025-09-16 03:00:00,3.7,3.477985796754992
2025-09-16 06:00:00,3.7,3.373389181623626
2025-09-16 09:00:00,3.0,3.1182569779192586
2025-09-16 12:00:00,3.0,3.1556414965119997
2025-09-16 15:00:00,2.3,3.027413385611382
2025-09-16 18:00:00,2.7,3.0462933928517955
2025-09-16 21:00:00,2.7,3.2804157664704885
2025-09-17 00:00:00,2.0,2.8026610355323425
2025-09-17 03:00:00,2.7,2.616697790317868
2025-09-17 06:00:00,3.0,2.8688996160832616
2025-09-17 09:00:00,2.7,2.777244151041097
2025-09-17 12:00:00,2.0,2.227784774094353
2025-09-17 15:00:00,1.3,2.0997512347919893
2025-09-17 18:00:00,2.3,2.0761469450759686
2025-09-17 21:00:00,2.3,2.3316057420804497
2025-09-18 00:00:00,1.7,1.745985203320617
2025-09-18 03:00:00,1.7,1.8611183375251255
2025-09-18 06:00:00,1.7,1.9226985708625144
2025-09-18 09:00:00,2.3,2.0176949413808156
2025-09-18 12:00:00,2.0,1.9809844724194468
2025-09-18 15:00:00,2.0,1.841131970642552
2025-09-18 18:00:00,0.7,1.5508377233164277
2025-09-18 21:00:00,1.0,1.3134294620969666
2025-09-19 00:00:00,0.0,1.4585060264594887
2025-09-20 06:00:00,1.7,1.1746573798659925
2025-09-20 09:00:00,1.0,1.0126441976949951
2025-09-20 12:00:00,0.7,0.7118296167455873
2025-09-20 15:00:00,0.7,1.0121835397060672
2025-09-20 18:00:00,0.3,0.7326699412997832
2025-09-20 21:00:00,1.3,1.0343246835279791
2025-09-21 00:00:00,0.7,1.1540514884407642
2025-09-21 03:00:00,1.3,0.9164344732529186
2025-09-21 06:00:00,1.7,0.6829101652414387
2025-09-21 09:00:00,0.3,0.8513413535521916
2025-09-21 12:00:00,1.7,0.8673257879748872
2025-09-21 15:00:00,1.7,1.7959287249568432
2025-09-21 18:00:00,1.0,1.2968550504061471
2025-09-21 21:00:00,1.0,1.4770196213172038
2025-09-22 00:00:00,2.3,1.5130349947339155
2025-09-22 03:00:00,2.3,2.3933125749122257
2025-09-22 06:00:00,2.0,1.4672355146489124
2025-09-22 09:00:00,3.0,1.4526931513173793
2025-09-22 12:00:00,3.0,3.79981900368664
2025-09-22 15:00:00,3.0,2.4191714905431536
2025-09-22 18:00:00,3.3,4.351360973253647
2025-09-22 21:00:00,3.3,3.6781003269977246
2025-09-23 00:00:00,3.3,3.3284367479546413
2025-09-23 03:00:00,3.0,3.387099516761728
2025-09-23 06:00:00,2.7,3.2473092824541774
2025-09-23 09:00:00,2.7,2.4905881568113837
2025-09-23 12:00:00,3.7,3.1566003572254324
2025-09-23 15:00:00,3.3,3.4575403889118723
2025-09-23 18:00:00,2.7,2.582355705084951
2025-09-23 21:00:00,1.7,2.818724138004737
2025-09-24 00:00:00,1.7,2.428360403506665
2025-09-24 03:00:00,1.3,2.269740626907404
2025-09-24 06:00:00,1.0,1.9359988251808131
2025-09-24 09:00:00,1.7,2.2166968496448627
2025-09-24 12:00:00,2.3,2.407013342209682
2025-09-24 15:00:00,2.0,2.5844209549979995
2025-09-24 18:00:00,1.3,2.373016374597512
2025-09-24 21:00:00,2.3,2.328000343604758
2025-09-25 00:00:00,0.7,2.023295247322394
2025-09-25 03:00:00,1.0,2.0395283814554186
2025-09-25 06:00:00,1.3,2.037599262332316
2025-09-25 09:00:00,2.3,2.324557648998634
2025-09-25 12:00:00,2.3,2.464591939911491
2025-09-25 15:00:00,1.7,2.2404996052860406
2025-09-25 18:00:00,1.7,2.215844427831184
2025-09-25 21:00:00,1.7,2.212534865513571
2025-09-26 00:00:00,2.0,1.9906959812452008
2025-09-26 03:00:00,1.7,1.8521465686840197
2025-09-26 06:00:00,0.7,1.6121864229906835
2025-09-26 09:00:00,1.7,1.1639254416701044
2025-09-26 12:00:00,1.0,1.4223856941468411
2025-09-26 15:00:00,0.7,1.385440846882943
2025-09-26 18:00:00,2.3,1.3851183734242352
2025-09-26 21:00:00,1.3,1.429204855967869
2025-09-27 00:00:00,0.7,1.4672184317988235
2025-09-27 03:00:00,1.3,1.3040293620526473
2025-09-27 06:00:00,0.7,1.4240775743294465
2025-09-27 09:00:00,0.7,1.1592620378595333
2025-09-27 12:00:00,1.0,1.4045290487321216
2025-09-27 15:00:00,0.7,1.4586132955479167
2025-09-27 18:00:00,2.3,1.7324473924131234
2025-09-27 21:00:00,2.0,2.7840910675910617
2025-09-28 00:00:00,3.0,2.4210256713933793
2025-09-28 03:00:00,3.0,2.25189956577812
2025-09-28 06:00:00,0.7,2.152493422261868
2025-09-28 09:00:00,1.7,1.0365822397337343
2025-09-28 12:00:00,1.7,1.3812851149700287
2025-09-28 15:00:00,2.7,2.1749202742433713
2025-09-28 18:00:00,2.7,2.786787536878772
2025-09-28 21:00:00,1.7,2.293929237301006
2025-09-29 00:00:00,2.3,3.0188488802782123
2025-09-29 03:00:00,2.3,3.142300450253435
2025-09-29 06:00:00,3.0,3.3203717965290416
2025-09-29 09:00:00,4.7,3.998241914517708
2025-09-29 12:00:00,4.0,4.026326928288941
2025-09-29 15:00:00,5.3,4.353851383237102
2025-09-29 18:00:00,5.0,4.780928465165203
2025-09-29 21:00:00,3.3,3.846514578903885
2025-09-30 00:00:00,5.0,3.3378995867624095
2025-09-30 03:00:00,7.0,5.4136364662833465
2025-09-30 06:00:00,6.0,6.202704653606348
2025-09-30 09:00:00,5.0,3.44265993259312
2025-09-30 12:00:00,5.7,4.114193868883653
2025-09-30 15:00:00,5.7,5.147891464908068
2025-09-30 18:00:00,6.3,5.104118082495973
2025-09-30 21:00:00,5.3,5.220718264459204
2025-10-01 00:00:00,5.0,4.654556557665298
2025-10-01 03:00:00,5.0,4.514170285171247
2025-10-01 06:00:00,4.7,4.185914491430302
2025-10-01 09:00:00,4.0,3.4867124942727226
2025-10-01 12:00:00,5.0,3.902853098573365
2025-10-01 15:00:00,4.7,4.024313253696914
2025-10-01 18:00:00,6.3,4.0229570818147495
2025-10-01 21:00:00,4.3,4.499900149756219
2025-10-02 00:00:00,5.3,3.9380559179583816
2025-10-02 03:00:00,6.7,3.9992422277129673
2025-10-02 06:00:00,4.3,3.914216070688841
2025-10-02 09:00:00,4.7,3.5832811061830965
2025-10-02 12:00:00,4.0,3.798217040957813
2025-10-02 15:00:00,2.7,3.1762790422743903
2025-10-02 18:00:00,5.0,3.1641951016630014
2025-10-02 21:00:00,4.3,3.9729332569559865
2025-10-03 00:00:00,4.3,3.8197308137711605
2025-10-03 03:00:00,5.0,3.616220860806528
2025-10-03 06:00:00,4.7,3.589796965730671
2025-10-03 09:00:00,4.0,3.6545849852667676
2025-10-03 12:00:00,3.3,2.979655300609224
2025-10-03 15:00:00,3.7,3.21338500595834
2025-10-03 18:00:00,3.7,3.19482921379156
2025-10-03 21:00:00,2.7,3.0812699385548514
2025-10-04 00:00:00,3.0,3.096393509219136
2025-10-04 03:00:00,3.3,3.0305628290038102
2025-10-04 06:00:00,3.7,2.957745580954693
2025-10-04 09:00:00,3.7,2.9526885296000827
2025-10-04 12:00:00,4.0,3.021863804796351
2025-10-04 15:00:00,3.7,1.9698311870840266
2025-10-04 18:00:00,3.0,2.638602846905484
2025-10-04 21:00:00,2.3,2.509052371818833
2025-10-05 00:00:00,2.3,2.0863395313793274
2025-10-05 03:00:00,3.3,1.7656183558374596
2025-10-05 06:00:00,3.0,1.9731893561088165
2025-10-05 09:00:00,1.3,1.5440253159828807
2025-10-05 12:00:00,2.0,1.434219171235731
2025-10-05 15:00:00,1.0,1.0719641765218588
2025-10-05 18:00:00,0.3,1.1422444387514405
2025-10-05 21:00:00,1.0,1.3479880927126313
2025-10-06 00:00:00,0.3,1.429089106169957
2025-10-06 03:00:00,0.0,1.080684284929537
2025-10-06 06:00:00,0.7,0.5865512131649546
2025-10-06 09:00:00,0.7,1.3351627281583978
2025-10-06 12:00:00,1.3,1.2394615571436358
2025-10-06 15:00:00,1.7,1.7693937890354066
2025-10-06 18:00:00,1.7,1.8787439639106505
2025-10-06 21:00:00,2.0,1.8711021358633988
2025-10-07 00:00:00,2.0,2.4300663480403215
2025-10-07 03:00:00,2.3,2.0169376132695733
2025-10-07 06:00:00,2.3,1.9566651503402999
2025-10-07 09:00:00,2.7,2.4575853259839096
2025-10-07 12:00:00,4.0,3.3829416863467263
2025-10-07 15:00:00,3.3,3.0513336783857943
2025-10-07 18:00:00,2.7,2.508250321407763
2025-10-07 21:00:00,2.0,2.9205282240022283
2025-10-08 00:00:00,2.7,2.9070348678936417
2025-10-08 03:00:00,3.7,2.4845753459764923
2025-10-08 06:00:00,2.3,2.5252547550528375
2025-10-08 09:00:00,1.7,2.203244859990599
2025-10-08 12:00:00,2.3,2.200919980628111
2025-10-08 15:00:00,2.3,2.2363885703999555
2025-10-08 18:00:00,1.3,2.895844682913964
2025-10-08 21:00:00,0.3,2.2903978282150836
2025-10-09 00:00:00,0.3,1.779138411954331
2025-10-09 03:00:00,0.3,1.4816489013662484
2025-10-09 06:00:00,2.0,1.1947340321215387
2025-10-09 09:00:00,0.7,1.480042895203804
2025-10-09 12:00:00,1.0,1.0808361977095442
2025-10-09 15:00:00,0.7,1.2586408671484497
2025-10-09 18:00:00,1.3,1.7728437069705227
2025-10-09 21:00:00,2.0,2.285260642380211
2025-10-10 00:00:00,3.3,1.8465742067796576
2025-10-10 09:00:00,2.0,1.1574942535336024
2025-10-10 12:00:00,1.3,2.07551994355944
2025-10-10 15:00:00,1.0,2.4668218012747376
2025-10-10 18:00:00,1.3,1.5514691021237375
2025-10-10 21:00:00,1.7,2.0459812347635586
2025-10-11 00:00:00,2.0,2.3110930963579843
2025-10-11 03:00:00,3.7,2.1251414329036025
2025-10-11 06:00:00,4.3,3.3397656725929794
2025-10-11 09:00:00,3.0,2.6215998107329077
2025-10-11 12:00:00,2.0,3.15372198052573
2025-10-11 15:00:00,2.3,3.249059158708211
2025-10-11 18:00:00,2.7,2.7641210986618496
2025-10-11 21:00:00,3.7,4.557631567161633
2025-10-12 00:00:00,4.0,3.604513892470723
2025-10-12 03:00:00,4.0,3.70272183676901
2025-10-12 06:00:00,4.0,3.7774934758358856
2025-10-12 09:00:00,4.0,3.9068811871827895
2025-10-12 12:00:00,4.0,3.8948823448652705
2025-10-12 15:00:00,4.7,3.7682559278434047
2025-10-12 18:00:00,5.0,3.808392802340016
2025-10-12 21:00:00,4.3,3.9781922313129607
2025-10-13 00:00:00,4.7,3.5599373999947934
2025-10-13 03:00:00,4.3,3.482038761321428
2025-10-13 06:00:00,3.3,3.428195245259122
2025-10-13 09:00:00,3.7,2.9066022908099494
2025-10-13 12:00:00,3.0,3.3692498781001055
2025-10-13 15:00:00,2.7,2.825896164469901
2025-10-13 18:00:00,3.3,2.9417132138345643
2025-10-13 21:00:00,2.7,3.0290117242967085
2025-10-14 00:00:00,2.3,2.5961035353646156
2025-10-14 03:00:00,2.0,2.432711155510386
2025-10-14 06:00:00,2.0,2.4768206798918655
2025-10-14 09:00:00,1.3,2.336282251811765
2025-10-14 12:00:00,2.0,2.3856130014874584
2025-10-14 15:00:00,2.0,2.4691037409819865
2025-10-14 18:00:00,1.0,2.2123208281775084
2025-10-14 21:00:00,2.3,2.4470468066972257
2025-10-15 00:00:00,3.7,2.94458301550355
2025-10-15 03:00:00,3.3,2.6523657936060587
2025-10-15 06:00:00,3.0,2.365720684868354
2025-10-15 09:00:00,2.3,2.25554060178878
2025-10-15 12:00:00,1.7,1.7144213860138278
2025-10-15 15:00:00,1.0,1.543876068450977
2025-10-15 18:00:00,0.7,1.7293399278869395
2025-10-15 21:00:00,1.7,1.4475576148452287
2025-10-16 00:00:00,0.3,1.145862804168096
2025-10-16 03:00:00,0.3,1.344982858838352
2025-10-16 06:00:00,1.3,1.0638738938089791
2025-10-16 09:00:00,1.0,1.2052253489742417
2025-10-16 12:00:00,0.7,1.1924402777210696
2025-10-16 15:00:00,0.3,1.0340276567598683
2025-10-16 18:00:00,1.3,1.2138775518272955
2025-10-16 21:00:00,1.3,1.7156733209730755
2025-10-17 00:00:00,1.3,1.9836429953262078
2025-10-17 03:00:00,1.7,1.9861970881327409
2025-10-17 06:00:00,2.7,2.0176962071735236
2025-10-17 09:00:00,3.7,3.2963654234634356
2025-10-17 12:00:00,2.3,2.8984589279119177
2025-10-17 15:00:00,3.0,2.636615073141115
2025-10-17 18:00:00,1.7,2.745791876679447
2025-10-17 21:00:00,1.3,1.9868594055185729
2025-10-18 00:00:00,3.7,1.7658672752875086
2025-10-18 03:00:00,4.3,3.680970938770017
2025-10-18 06:00:00,4.7,4.678533342332831
2025-10-18 09:00:00,4.0,3.3597844367450733
2025-10-18 12:00:00,3.3,3.206035314288833
2025-10-18 15:00:00,4.7,3.157605570492892
2025-10-18 18:00:00,6.3,4.978215594967925
2025-10-18 21:00:00,4.3,4.863069954788166
2025-10-19 00:00:00,5.0,4.721339090004605
2025-10-19 03:00:00,3.0,3.2833020014138485
2025-10-19 06:00:00,2.0,2.2751496386911336
2025-10-19 09:00:00,3.3,2.1542523559940268
2025-10-19 12:00:00,3.0,2.622814137914062
2025-10-19 15:00:00,3.3,3.6298119213134146
2025-10-19 18:00:00,2.3,3.50945386438731
2025-10-19 21:00:00,2.7,3.18790677375232
2025-10-20 00:00:00,2.7,3.4352304366367328
2025-10-20 03:00:00,2.7,3.235745667687149
2025-10-20 06:00:00,2.3,2.8049460008712286
2025-10-20 09:00:00,1.3,2.2592037133753204
2025-10-20 12:00:00,1.7,2.2378579532692573
2025-10-20 15:00:00,1.0,1.7818783414516783
2025-10-20 18:00:00,1.3,1.9820899732538746
2025-10-20 21:00:00,1.7,2.594807039024278
2025-10-21 00:00:00,2.7,2.753324241956733
2025-10-21 03:00:00,3.0,2.350147513239284
2025-10-21 06:00:00,1.7,2.1360241945590666
2025-10-21 09:00:00,0.3,1.883108692151216
2025-10-21 12:00:00,1.0,1.6265901875126805
2025-10-21 15:00:00,1.3,1.6576543735332863
2025-10-21 18:00:00,2.7,2.1325543778258487
2025-10-21 21:00:00,2.3,2.224967413292934
2025-10-22 00:00:00,0.3,1.743926832776083
2025-10-22 03:00:00,0.7,1.277978538359518
2025-10-22 06:00:00,0.7,1.3040944729237571
2025-10-22 09:00:00,0.7,1.0625830152643054
2025-10-22 12:00:00,1.0,1.4363278824936632
2025-10-22 15:00:00,1.0,1.4581194310931207
2025-10-22 18:00:00,1.3,1.9805992065230926
2025-10-22 21:00:00,1.3,1.9640310909752023
2025-10-23 00:00:00,1.7,1.8081793538624493
2025-10-23 03:00:00,1.0,1.7761527474307146
2025-10-23 06:00:00,0.0,1.1381841053270043
2025-10-23 09:00:00,1.3,0.7309806214624535
2025-10-23 12:00:00,1.3,1.6950973688203361
2025-10-23 15:00:00,1.0,1.2746555396895989
2025-10-23 18:00:00,2.0,2.646611194196595
2025-10-23 21:00:00,2.3,2.911373110749709
2025-10-24 00:00:00,2.7,2.544474123550528
2025-10-24 03:00:00,2.3,1.9736562370066175
2025-10-24 06:00:00,2.0,2.6813099082629575
2025-10-24 09:00:00,2.3,2.347961328696042
2025-10-24 12:00:00,2.0,2.5536613152705128
2025-10-24 15:00:00,2.3,2.1654752334805942
2025-10-24 18:00:00,3.0,2.90208117738727
2025-10-24 21:00:00,1.3,2.1840345896484927
2025-10-25 00:00:00,2.3,2.329021928918138
2025-10-25 03:00:00,3.7,1.742181042436193
2025-10-25 06:00:00,3.0,2.042671122181556
2025-10-25 09:00:00,2.0,1.9297188178885856
2025-10-25 12:00:00,2.0,1.5768157885423753
2025-10-25 15:00:00,0.7,1.2500640587764626
2025-10-25 18:00:00,0.3,1.178759362137852
2025-10-25 21:00:00,0.3,1.2930958445463454
2025-10-26 00:00:00,0.7,1.40645343985348
2025-10-26 03:00:00,0.7,1.485187843505971
2025-10-26 06:00:00,1.3,1.7310470118468049
2025-10-26 09:00:00,1.3,1.383858241317799
2025-10-26 12:00:00,0.0,1.1436735922527987
2025-10-26 15:00:00,0.7,0.7936913663896015
2025-10-26 18:00:00,0.0,1.4490918991286392
2025-10-26 21:00:00,0.7,1.3028120926021138
2025-10-27 00:00:00,0.7,1.4725507282629278
2025-10-27 03:00:00,0.7,1.0832890849080574
2025-10-27 06:00:00,0.7,1.0116014722456321
2025-10-27 09:00:00,0.7,1.2342671419014284
2025-10-27 12:00:00,0.7,0.5825643828691476
2025-10-27 15:00:00,1.7,1.3655201645356474
2025-10-27 18:00:00,2.0,2.7127321942399183
2025-10-27 21:00:00,3.0,2.6683459603578905
2025-10-28 00:00:00,3.0,2.4176946493355267
2025-10-28 03:00:00,3.3,2.979792142878722
2025-10-28 06:00:00,3.3,2.5752668098065015
2025-10-28 09:00:00,2.0,3.0046799938894853
2025-10-28 12:00:00,3.3,3.9570024500646346
2025-10-28 15:00:00,3.0,3.965029352880344
2025-10-28 18:00:00,4.0,3.3717098787251603
2025-10-28 21:00:00,4.0,3.6759768817031713
2025-10-29 00:00:00,2.3,3.3254440673367176
2025-10-29 03:00:00,2.7,3.9717874755629383
2025-10-29 06:00:00,3.3,3.3150250774616654
2025-10-29 09:00:00,3.0,4.0948161458112375
2025-10-29 12:00:00,3.0,2.9290210937621364
2025-10-29 15:00:00,3.7,4.089963756190503
2025-10-29 18:00:00,4.0,3.916127194449703
2025-10-29 21:00:00,4.3,3.6548927840834553
2025-10-30 00:00:00,4.3,3.8416163481413
2025-10-30 03:00:00,3.7,2.8673223450136054
2025-10-30 06:00:00,4.0,3.500335612036178
2025-10-30 09:00:00,5.3,4.592551897522948
2025-10-30 12:00:00,5.3,5.532610739800847
2025-10-30 15:00:00,4.3,4.806273474454739
2025-10-30 18:00:00,3.7,3.654613017943618
2025-10-30 21:00:00,5.0,4.487165672828042
2025-10-31 00:00:00,4.3,3.947236760649109
2025-10-31 03:00:00,4.7,4.628730624335322
2025-10-31 06:00:00,4.3,3.7732311018272195
2025-10-31 09:00:00,3.3,3.782046947974745
2025-10-31 12:00:00,3.7,3.752398392120382
2025-10-31 15:00:00,3.0,3.160821430908244
2025-10-31 18:00:00,2.7,3.25984843091065
2025-10-31 21:00:00,2.7,2.70443745521424
2025-11-01 00:00:00,2.7,2.3673900051836623
2025-11-01 03:00:00,3.3,2.335632406831862
2025-11-01 06:00:00,2.7,2.4988587198595793
2025-11-01 09:00:00,2.3,2.123490572223901
2025-11-01 12:00:00,2.7,1.7660500942497954
2025-11-01 15:00:00,3.0,2.3675201115910927
2025-11-01 18:00:00,3.0,2.906642545519306
2025-11-01 21:00:00,2.3,2.8390900171366367
2025-11-02 00:00:00,4.3,2.6548826584701235
2025-11-02 03:00:00,3.3,2.896825768260608
2025-11-02 06:00:00,2.3,2.8661139618598965
2025-11-02 09:00:00,2.3,2.666458811263963
2025-11-02 12:00:00,2.3,2.834616589925109
2025-11-02 15:00:00,3.7,2.905419753678961
2025-11-02 18:00:00,2.7,3.300858330102443
2025-11-02 21:00:00,3.0,3.234184116882399
2025-11-03 00:00:00,2.7,2.4163402826572398
2025-11-03 03:00:00,3.3,2.6818735356141783
2025-11-03 06:00:00,4.3,2.6877122571754466
2025-11-03 09:00:00,3.7,2.8071405339110367
2025-11-03 12:00:00,3.3,2.9783251203564913
2025-11-03 15:00:00,3.7,3.097271009672747
2025-11-03 18:00:00,3.0,3.177693259023024
2025-11-03 21:00:00,3.3,3.0629203332626598
2025-11-04 00:00:00,3.0,2.335026188355869
2025-11-04 03:00:00,2.3,1.913619171378636
2025-11-04 06:00:00,2.0,1.9743909706562277
2025-11-04 09:00:00,3.0,2.1028897006670544
2025-11-04 12:00:00,1.7,2.350227728873465
2025-11-04 15:00:00,2.0,1.98516348268947
2025-11-04 18:00:00,1.7,1.8147005539013417
2025-11-04 21:00:00,1.7,1.2861302505988879
2025-11-05 00:00:00,3.7,2.208289390291486
2025-11-05 03:00:00,3.3,2.5400181434263382
2025-11-05 06:00:00,4.0,2.3593088777928406
2025-11-05 09:00:00,2.0,2.0849577781151334
2025-11-05 12:00:00,1.7,1.6299939426088792
2025-11-05 15:00:00,2.3,1.3445751992357946
2025-11-05 18:00:00,4.0,2.4547263622490063
2025-11-05 21:00:00,5.7,4.060870184929993
2025-11-06 00:00:00,5.0,5.8194630832752505
2025-11-06 03:00:00,6.7,5.402484268977252
2025-11-06 06:00:00,6.0,5.854397416187085
2025-11-06 09:00:00,3.7,5.421955587289283
2025-11-06 12:00:00,2.0,2.8098929445696967
2025-11-06 15:00:00,3.0,2.957005074480694
2025-11-06 18:00:00,3.7,3.414756442765361
2025-11-06 21:00:00,4.7,4.874285084334142
2025-11-07 00:00:00,5.3,4.4883443042374775
2025-11-07 03:00:00,5.3,3.5334792820564815
2025-11-07 06:00:00,5.0,5.317925862937481
2025-11-07 09:00:00,4.0,4.533804916443561
2025-11-07 12:00:00,3.3,3.961146346401283
2025-11-07 15:00:00,3.0,4.095294094993792
2025-11-07 18:00:00,3.0,3.6501760380697275
2025-11-07 21:00:00,3.0,3.6639969501295973
2025-11-08 00:00:00,6.0,3.3671440036270095
2025-11-08 03:00:00,5.3,5.163324071184699
2025-11-08 06:00:00,5.3,4.266044962107732
2025-11-08 09:00:00,3.7,4.174915255790937
2025-11-08 12:00:00,3.3,3.498623194335048
2025-11-08 15:00:00,3.3,2.8268210222160635
2025-11-08 18:00:00,2.7,2.5873825717200156
2025-11-08 21:00:00,1.3,2.620301355237824
2025-11-09 00:00:00,1.7,2.5972250610068617
2025-11-09 03:00:00,1.3,2.2515495477377803
2025-11-09 06:00:00,2.3,1.929687713445587
2025-11-09 09:00:00,1.0,1.8317864527934482
2025-11-09 12:00:00,2.0,1.506468836842625
2025-11-09 15:00:00,1.0,1.69624414669669
2025-11-09 18:00:00,1.0,1.7143903074206865
2025-11-09 21:00:00,3.0,2.1601369088515137
2025-11-10 00:00:00,2.7,2.498316570441335
2025-11-10 03:00:00,2.0,2.289393790129665
2025-11-10 06:00:00,1.0,2.0043129371880073
2025-11-10 09:00:00,2.3,1.770713067720497
2025-11-10 12:00:00,2.7,2.578156816961549
2025-11-10 15:00:00,4.3,3.658155521725874
2025-11-10 18:00:00,3.0,3.0785107952773587
2025-11-11 03:00:00,2.7,2.460393982074912
2025-11-11 18:00:00,0.3,1.6989539833760123
2025-11-11 21:00:00,2.3,1.7751682506052107
2025-11-12 00:00:00,8.7,4.612301929289392
2025-11-12 03:00:00,8.7,8.960747604246285
2025-11-12 06:00:00,7.0,8.579672951169824
2025-11-12 09:00:00,7.7,10.24382686741231
2025-11-12 12:00:00,5.3,6.803241469012682
2025-11-12 15:00:00,4.3,3.56445240835281
2025-11-12 18:00:00,5.7,3.005686664930836
2025-11-12 21:00:00,4.0,5.674995892875363
2025-11-13 00:00:00,6.7,5.039399253155108
2025-11-13 03:00:00,7.3,6.851114221000137
2025-11-13 06:00:00,6.3,6.425663339607744
2025-11-13 09:00:00,3.7,4.262976936230186
2025-11-13 12:00:00,4.7,3.1836224702872222
2025-11-13 15:00:00,3.7,4.606510827080328
2025-11-13 18:00:00,2.7,3.6812249368750374
2025-11-13 21:00:00,0.7,2.559967191844258
2025-11-14 00:00:00,0.7,2.156831210769465
2025-11-14 03:00:00,0.7,2.0467722482615716
2025-11-14 06:00:00,0.7,1.5463697574568618
2025-11-14 09:00:00,1.3,1.4826502149188376
2025-11-14 12:00:00,1.0,1.5989078717369183
2025-11-14 15:00:00,1.0,1.6798903926647095
2025-11-14 18:00:00,0.3,2.0063079078251818
2025-11-14 21:00:00,0.0,1.8719391574319693
2025-11-15 00:00:00,1.3,1.90128489444477
2025-11-15 03:00:00,1.0,2.209674984402253
2025-11-15 06:00:00,2.0,2.57661697911113
2025-11-15 09:00:00,1.7,2.4754615509378235
2025-11-15 12:00:00,1.7,2.25720182265219
2025-11-15 15:00:00,1.7,2.4548983910087174
2025-11-15 18:00:00,3.3,2.8309458434151042
2025-11-15 21:00:00,3.0,2.9190476043312006
2025-11-16 00:00:00,3.3,2.5743884642377255
2025-11-16 03:00:00,3.7,4.03474234315752
2025-11-16 06:00:00,2.7,3.828986323040734
2025-11-16 09:00:00,2.7,3.001760363568915
2025-11-16 12:00:00,3.7,3.7029241406828994
2025-11-16 15:00:00,3.0,2.877925540975923
2025-11-16 18:00:00,3.0,3.08426457169508
2025-11-16 21:00:00,3.3,3.0439911933413275
2025-11-17 00:00:00,3.7,2.9840143488652124
2025-11-17 03:00:00,2.7,2.934421884119109
2025-11-17 06:00:00,3.0,2.810347773018114
2025-11-17 09:00:00,1.0,1.5874644202616308
2025-11-17 12:00:00,2.0,1.747346079707589
2025-11-17 15:00:00,0.7,1.8593906672803804
2025-11-17 18:00:00,2.0,1.7573836985096454
2025-11-17 21:00:00,2.0,2.4672705682863176
2025-11-18 00:00:00,2.3,2.2980310623666087
2025-11-18 03:00:00,2.0,2.1296385813457266
2025-11-18 06:00:00,2.0,2.6639575957726302
2025-11-18 09:00:00,0.3,1.7081416551603819
2025-11-18 12:00:00,0.0,1.3707279415440579
2025-11-18 15:00:00,0.0,1.3232217151652432
2025-11-18 18:00:00,0.0,1.2784500511890011
2025-11-18 21:00:00,0.7,1.3553270909042072
2025-11-19 00:00:00,0.3,1.2188177065220493
2025-11-19 03:00:00,0.0,0.9721613199493483
2025-11-19 06:00:00,0.7,0.7992056800256826
2025-11-19 09:00:00,0.3,1.18548099884506
2025-11-19 12:00:00,0.3,1.3484177715503045
2025-11-19 15:00:00,0.3,0.8540095568638931
2025-11-19 18:00:00,1.0,0.9692284323054725
2025-11-19 21:00:00,0.3,1.717025419114126
2025-11-20 00:00:00,0.3,1.4145379612060132
2025-11-20 03:00:00,1.7,1.8135896352813092
2025-11-20 06:00:00,1.0,1.8688199036513395
2025-11-20 09:00:00,1.0,1.383306048297987
2025-11-20 12:00:00,0.3,1.3479278831673478
2025-11-20 15:00:00,2.0,0.7812940792482164
2025-11-20 18:00:00,2.7,2.543858739361008
2025-11-20 21:00:00,3.0,3.971990129595394
2025-11-21 00:00:00,2.7,3.4852849915370143
2025-11-21 03:00:00,2.7,2.4697358926642923
2025-11-21 06:00:00,0.7,2.4676333527812537
2025-11-21 09:00:00,1.3,2.247185906557307
2025-11-21 12:00:00,1.7,2.314630173764698
2025-11-21 15:00:00,2.0,2.7230487947518536
2025-11-21 18:00:00,2.0,3.049768613339694
2025-11-21 21:00:00,1.3,2.67889877835943
2025-11-22 00:00:00,2.0,2.4730614619083857
2025-11-22 03:00:00,1.0,1.9937041777354811
2025-11-22 06:00:00,0.7,1.3311038783031433
2025-11-22 09:00:00,0.3,1.1727923057653373
2025-11-22 12:00:00,1.0,1.9426807230990413
2025-11-22 15:00:00,0.7,1.5445072133268627
2025-11-22 18:00:00,1.7,1.8520062127744683
2025-11-22 21:00:00,2.3,2.24718511429411
2025-11-23 00:00:00,2.7,2.925474115911091
2025-11-23 03:00:00,1.7,1.2642614860657337
2025-11-23 06:00:00,1.7,1.4590146239289585
2025-11-23 09:00:00,2.3,2.4886182263955368
2025-11-23 12:00:00,3.0,2.9954765511333674
2025-11-23 15:00:00,3.7,2.9659995909233987
2025-11-23 18:00:00,2.7,3.363727990153903
2025-11-23 21:00:00,2.3,3.6011585891523175
2025-11-24 00:00:00,3.0,3.818789226598449
2025-11-24 03:00:00,3.0,3.61468315853982
2025-11-24 06:00:00,3.3,3.9207836651348007
2025-11-24 09:00:00,3.3,3.77664739824389
2025-11-24 12:00:00,4.7,4.232151427890162
2025-11-24 15:00:00,3.7,5.031796186520596
2025-11-24 18:00:00,3.3,4.556614836627988
2025-11-24 21:00:00,3.3,3.6724439093220673
2025-11-25 00:00:00,4.7,4.045573594559607
2025-11-25 03:00:00,4.7,4.0815269992630645
2025-11-25 06:00:00,4.3,4.3270828664421135
2025-11-25 09:00:00,4.0,4.66937129774306
2025-11-25 12:00:00,4.0,4.084362996685085
2025-11-25 15:00:00,4.0,4.249478685561537
2025-11-25 18:00:00,4.0,4.069588463168207
2025-11-25 21:00:00,2.7,4.190488502742042
2025-11-26 00:00:00,2.7,4.152466061619004
2025-11-26 03:00:00,4.0,3.430312664738861
2025-11-26 06:00:00,4.3,3.313105355947991
2025-11-26 09:00:00,3.3,3.2336880209126333
2025-11-26 12:00:00,4.0,3.394421774520361
2025-11-26 15:00:00,4.3,3.036027516884853
2025-11-26 18:00:00,3.3,3.237860429273351
2025-11-26 21:00:00,3.0,3.3394126790499947
2025-11-27 00:00:00,2.7,3.406969369312878
2025-11-27 03:00:00,3.3,2.755211445314821
2025-11-27 06:00:00,4.0,3.4181051399403746
2025-11-27 09:00:00,4.3,3.202234755469112
2025-11-27 12:00:00,4.0,3.7964791849294337
2025-11-27 15:00:00,3.7,3.0237650828108866
2025-11-28 03:00:00,3.0,3.5479565375839472
2025-11-28 06:00:00,3.7,3.2395631887209335
2025-11-28 09:00:00,4.0,3.2631419255487013
2025-11-28 12:00:00,3.7,3.42318747778069
2025-11-28 15:00:00,3.7,2.954360234480321
2025-11-28 18:00:00,3.3,2.9566633662719664
2025-11-28 21:00:00,2.7,2.8339775417919078
2025-11-29 00:00:00,2.3,2.9113417159158343
2025-11-29 03:00:00,3.3,3.1963403590749104
2025-11-29 06:00:00,3.7,3.30070562803746
2025-11-29 09:00:00,3.3,2.99861525026369
2025-11-29 12:00:00,4.0,2.936938727651361
2025-11-29 15:00:00,4.0,3.6727434166940354
2025-11-29 18:00:00,3.0,3.662252011536421
2025-11-29 21:00:00,3.0,3.156146337866891
2025-11-30 00:00:00,3.7,3.729237087156849
2025-11-30 03:00:00,4.0,3.605685575237848
2025-11-30 06:00:00,2.3,2.5142699733810128
2025-11-30 09:00:00,3.0,2.785240029960696
2025-11-30 12:00:00,1.3,2.246233206841453
2025-11-30 15:00:00,2.3,2.4534431615040266
2025-11-30 18:00:00,3.0,2.312553820418116
2025-11-30 21:00:00,2.7,2.7697114217105416
2025-12-01 00:00:00,3.7,2.864147541556389
2025-12-01 03:00:00,0.7,1.934624004403558
2025-12-01 06:00:00,1.7,1.9497202449761768
2025-12-01 09:00:00,1.7,2.085509602167363
2025-12-01 12:00:00,2.0,2.1324453354250266
2025-12-01 15:00:00,3.0,2.2165676659134164
2025-12-01 18:00:00,2.0,1.9968263912065654
2025-12-01 21:00:00,1.3,1.665771347947533
2025-12-02 00:00:00,2.0,1.7259535511038997
2025-12-02 03:00:00,2.7,1.611447792995022
2025-12-02 06:00:00,0.7,1.537905383733185
2025-12-02 09:00:00,1.7,1.1518545209803923
2025-12-02 12:00:00,1.0,0.8439244358007874
2025-12-02 15:00:00,2.0,1.5009618636680235
2025-12-02 18:00:00,2.7,2.069221830524382
2025-12-02 21:00:00,2.0,1.6401902638524661
2025-12-03 00:00:00,1.0,1.5670432757723098
2025-12-03 03:00:00,2.3,2.268644701283586
2025-12-03 06:00:00,1.7,2.399736864631846
2025-12-03 09:00:00,2.7,2.5695961637209903
2025-12-03 12:00:00,4.0,3.304189924017343
2025-12-03 15:00:00,4.3,4.29188792899166
2025-12-03 18:00:00,6.7,5.480171995595712
2025-12-03 21:00:00,5.0,4.844214939279146
2025-12-04 00:00:00,5.0,3.776349540934393
2025-12-04 03:00:00,5.0,5.343941351025553
2025-12-04 06:00:00,4.7,4.130849605297206
2025-12-04 09:00:00,4.3,3.702041490237823
2025-12-04 12:00:00,4.0,3.737661459076298
2025-12-04 15:00:00,4.0,3.889353828210851
2025-12-04 18:00:00,3.7,4.494914841199788
2025-12-04 21:00:00,3.0,3.484092295418857
2025-12-05 00:00:00,3.0,3.5170069694505055
2025-12-05 03:00:00,3.3,3.2219189624936693
2025-12-05 06:00:00,3.3,3.4587851329449886
2025-12-05 09:00:00,2.7,3.359818883070566
2025-12-05 12:00:00,2.3,2.4709521144173454
2025-12-05 15:00:00,2.3,2.425218287858525
2025-12-05 18:00:00,3.3,3.2298302894209896
2025-12-05 21:00:00,2.7,3.422720356775708
2025-12-06 00:00:00,3.3,2.917056942640238
2025-12-06 03:00:00,3.7,3.1055453210938677
2025-12-06 06:00:00,4.0,3.5318795151184696
2025-12-06 09:00:00,3.0,3.2985746155380893
2025-12-06 12:00:00,2.7,3.364958923333302
2025-12-06 15:00:00,2.3,2.979357717336888
2025-12-06 18:00:00,2.0,3.0671798137516086
2025-12-06 21:00:00,1.7,3.10080841082327
2025-12-07 00:00:00,2.3,2.5108925406110187
2025-12-07 03:00:00,3.3,2.9301060522371216
2025-12-07 06:00:00,3.0,3.092671344586983
2025-12-07 09:00:00,2.3,2.34026653603141
2025-12-07 12:00:00,1.3,2.814325585447071
2025-12-07 15:00:00,0.0,1.5299100150009681
2025-12-07 18:00:00,0.0,0.8847095131002001
2025-12-07 21:00:00,0.0,0.5346182765002001
2025-12-08 00:00:00,0.0,0.6199335180777592
2025-12-08 03:00:00,0.3,0.8457482358894595
2025-12-08 06:00:00,0.0,0.4521178751538639
2025-12-08 09:00:00,0.0,0.027946045971776856
2025-12-08 12:00:00,0.0,0.1148829002707954
2025-12-08 15:00:00,0.0,0.41104723969702683
2025-12-08 18:00:00,1.0,0.8277240970215737
2025-12-08 21:00:00,0.3,1.2452151028347043
2025-12-09 00:00:00,0.7,1.389686568803613
2025-12-09 03:00:00,0.0,1.0979518174797058
2025-12-09 06:00:00,0.7,1.0879078172693668
2025-12-09 09:00:00,0.7,1.2209579297108868
2025-12-09 12:00:00,1.3,1.7077290177637647
2025-12-09 15:00:00,1.3,2.1457022126328
2025-12-09 18:00:00,1.3,2.2586777159437923
2025-12-09 21:00:00,1.0,1.6739130167197451
2025-12-10 00:00:00,2.0,1.5013185547665997
2025-12-10 03:00:00,2.3,1.764432365844816
2025-12-10 06:00:00,3.3,3.2803123752215444
2025-12-10 09:00:00,1.3,2.377024590037754
2025-12-10 12:00:00,2.0,2.2020465006937586
2025-12-10 15:00:00,2.3,2.2867321288085902
2025-12-10 18:00:00,3.0,3.0531646107594286
2025-12-10 21:00:00,6.0,3.8353506753152837
2025-12-11 00:00:00,6.0,6.2883753293190345
2025-12-11 03:00:00,4.7,5.978803757684348
2025-12-11 06:00:00,2.3,2.5394299453130635
2025-12-11 09:00:00,2.0,1.9832555984931592
2025-12-11 12:00:00,2.0,1.0062723070642139
2025-12-11 15:00:00,3.7,2.624292057510238
2025-12-11 18:00:00,4.7,4.559681634778116
2025-12-11 21:00:00,3.0,3.1507544706858654
2025-12-12 00:00:00,4.0,3.57306630938253
2025-12-12 03:00:00,4.0,4.138867823935606
2025-12-12 06:00:00,3.0,3.5042615714121297
2025-12-12 09:00:00,3.3,3.2195112056675663
2025-12-12 12:00:00,3.0,3.276855120070941
2025-12-12 15:00:00,4.0,3.6897758052993495
2025-12-12 18:00:00,5.0,4.588862857269214
2025-12-12 21:00:00,4.7,5.213769498197121
2025-12-13 00:00:00,4.7,5.153428198878292
2025-12-13 03:00:00,2.3,2.7433919364205215
2025-12-13 06:00:00,2.0,2.9481010954622797
2025-12-13 09:00:00,2.3,3.153936140549023
2025-12-13 12:00:00,2.3,3.0559076442185344
2025-12-13 15:00:00,2.3,3.295702906226874
2025-12-13 18:00:00,3.3,2.9310908548108765
2025-12-13 21:00:00,2.3,2.964209405136785
2025-12-14 00:00:00,2.7,2.6465407534077148
2025-12-14 03:00:00,2.0,2.525724222147277
2025-12-14 06:00:00,1.0,2.105479483234835
2025-12-14 09:00:00,1.7,1.9842565190611583
2025-12-14 12:00:00,1.0,1.8932049209837538
2025-12-14 15:00:00,1.0,1.7820119335134943
2025-12-14 18:00:00,1.3,1.7017614616017998
2025-12-14 21:00:00,0.7,1.6811350775949967
2025-12-15 00:00:00,0.7,1.4664096390176855
2025-12-15 03:00:00,0.3,1.0491055367246347
2025-12-15 06:00:00,1.0,1.6740613739232841
2025-12-15 09:00:00,1.3,1.8931793569502857
2025-12-15 12:00:00,3.0,2.113085489692318
2025-12-15 15:00:00,1.3,2.971649147461078
2025-12-15 18:00:00,0.3,2.1564145481854236
2025-12-15 21:00:00,1.3,2.3013208005653425
2025-12-16 00:00:00,3.0,2.259473870080947
2025-12-16 03:00:00,2.3,3.1728066822559726
2025-12-16 06:00:00,1.7,3.126497691156059
2025-12-16 09:00:00,2.0,2.9776912483839233
2025-12-16 12:00:00,2.3,3.0904217378694785
2025-12-16 15:00:00,3.0,3.5856411223251112
2025-12-16 18:00:00,2.3,3.255919668875644
2025-12-16 21:00:00,2.7,2.891106164569506
2025-12-17 00:00:00,2.3,3.2131933192732487
2025-12-17 03:00:00,3.0,3.193671705745889
2025-12-17 06:00:00,2.7,2.8754024185067077
2025-12-17 09:00:00,2.3,2.9951722905911398
2025-12-17 12:00:00,2.7,3.293965609530264
2025-12-17 15:00:00,2.7,3.0970005501469
2025-12-17 18:00:00,4.0,2.9006641519680016
2025-12-17 21:00:00,4.7,3.760369131745366
2025-12-18 00:00:00,4.3,4.345766698147426
2025-12-18 03:00:00,2.7,3.145883213176654
2025-12-18 06:00:00,3.7,3.019243467808999
2025-12-18 09:00:00,3.3,3.121778464520605
2025-12-18 12:00:00,2.0,2.8571285821901804
2025-12-18 15:00:00,3.0,2.8418458879538937
2025-12-18 18:00:00,3.0,2.742515973282093
2025-12-18 21:00:00,2.7,2.6599395970954838
2025-12-19 00:00:00,2.3,2.2514603302499454
2025-12-19 03:00:00,2.0,2.3998933458563054
2025-12-19 06:00:00,1.3,2.0802314227948524
2025-12-19 09:00:00,0.7,1.8809087961878412
2025-12-19 12:00:00,1.0,1.4312508855752766
2025-12-19 15:00:00,1.7,1.5738819420071737
2025-12-19 18:00:00,2.0,1.9491808627748537
2025-12-19 21:00:00,1.7,2.317908057216824
2025-12-20 00:00:00,2.0,1.7937346724477032
2025-12-20 03:00:00,0.7,1.8051704703534177
2025-12-20 15:00:00,2.0,1.945285788235506
2025-12-20 18:00:00,1.7,1.6749744143140517
2025-12-20 21:00:00,1.7,2.018398598550519
2025-12-21 00:00:00,3.3,2.8375426333825113
2025-12-21 03:00:00,2.7,2.666201735501671
2025-12-21 06:00:00,3.0,3.129553563686563
2025-12-21 09:00:00,3.7,3.55277056950563
2025-12-21 12:00:00,4.7,5.021371367905851
2025-12-21 15:00:00,4.7,5.300889337360168
2025-12-21 18:00:00,3.3,4.567705546644694
2025-12-21 21:00:00,4.7,4.239861934672445
2025-12-22 00:00:00,3.3,3.9307906896394558
2025-12-22 03:00:00,3.3,3.3196100332879417
2025-12-22 06:00:00,3.3,3.5915119904823145
2025-12-22 09:00:00,3.0,3.9383403701497848
2025-12-22 12:00:00,4.7,3.3839211583789623
2025-12-22 15:00:00,3.7,3.690802254629433
2025-12-22 18:00:00,3.7,3.838901378867445
2025-12-22 21:00:00,4.3,3.8975553416625672
2025-12-23 00:00:00,3.0,3.5543213952891897
2025-12-23 03:00:00,3.7,3.36424725833143
2025-12-23 06:00:00,3.3,3.7693180591053705
2025-12-23 09:00:00,3.3,3.4657425915972038
2025-12-23 12:00:00,3.3,3.4337638914405946
2025-12-23 15:00:00,3.3,3.2629972086063463
2025-12-23 18:00:00,4.0,3.558896907771449
2025-12-23 21:00:00,4.0,3.690994312326067
2025-12-24 00:00:00,4.0,3.2854854840330345
2025-12-24 03:00:00,4.3,3.3409146725728
2025-12-24 06:00:00,3.7,3.2800408185390557
2025-12-24 09:00:00,2.7,3.5452851137527004
2025-12-24 12:00:00,3.3,3.267188010785802
2025-12-24 15:00:00,3.3,3.034465882512854
2025-12-24 18:00:00,3.0,2.8777882161922372
2025-12-24 21:00:00,2.7,3.1108968241482806
2025-12-25 00:00:00,3.0,2.7809278589321575
2025-12-25 03:00:00,3.0,2.824517746138643
2025-12-25 06:00:00,3.0,3.3311723926400454
2025-12-25 09:00:00,2.0,2.894475508078894
2025-12-25 12:00:00,2.3,2.5998568415364005
2025-12-25 15:00:00,2.3,2.560816961404677
2025-12-25 18:00:00,1.3,2.5337502858447545
2025-12-25 21:00:00,1.7,2.559148359142208
2025-12-26 00:00:00,1.3,2.1382333964814255
2025-12-26 03:00:00,2.3,2.2920056805562252
2025-12-26 06:00:00,2.0,2.320767627260095
2025-12-26 09:00:00,2.0,2.2116405946045896
2025-12-26 12:00:00,2.3,2.4778921344738434
2025-12-26 15:00:00,3.3,2.453962709625511
2025-12-26 18:00:00,0.7,1.7142734176721794
2025-12-26 21:00:00,1.0,1.8817827667664109
2025-12-27 00:00:00,1.0,2.222688872152226
2025-12-27 03:00:00,2.7,2.2726411460925853
2025-12-27 06:00:00,1.7,2.1344632657663847
2025-12-27 09:00:00,1.7,2.0849472409295693
2025-12-27 12:00:00,1.0,2.0491174929158773
2025-12-27 15:00:00,1.0,1.7433885465866266
2025-12-27 18:00:00,2.3,1.9902754336378505
2025-12-27 21:00:00,1.7,2.1198400254225898
2025-12-28 00:00:00,2.0,2.429925674494948
2025-12-28 03:00:00,0.7,2.066026003124138
2025-12-28 06:00:00,0.7,1.766440816580381
2025-12-28 09:00:00,2.0,1.7384404919564584
2025-12-28 12:00:00,2.0,2.4987178871465985
2025-12-28 15:00:00,2.7,2.7588880630508674
2025-12-28 18:00:00,2.3,1.842200350137797
2025-12-28 21:00:00,2.0,2.5051589431994605
2025-12-29 00:00:00,3.0,2.499318013288648
2025-12-29 03:00:00,2.7,2.6866062123750525
2025-12-29 06:00:00,2.3,2.200368472727485
2025-12-29 09:00:00,2.3,2.6508747638807133
2025-12-29 12:00:00,2.0,2.424627117136575
2025-12-29 15:00:00,1.0,1.8488159188917708
2025-12-30 03:00:00,1.7,1.5656766705563108
2025-12-30 06:00:00,1.7,1.9315181565841537
2025-12-30 09:00:00,1.3,1.3156730392419678
2025-12-30 12:00:00,3.0,2.5018860939476264
2025-12-30 15:00:00,2.7,3.107162146463432
2025-12-30 18:00:00,2.0,2.9955529400197642
2025-12-30 21:00:00,1.0,1.674727114504581
2025-12-31 00:00:00,2.0,2.5615863106370482
2025-12-31 03:00:00,1.3,2.1143177356640814
2025-12-31 06:00:00,2.0,2.5530598636972526
2025-12-31 09:00:00,1.7,2.3786646734211367
2025-12-31 12:00:00,3.3,3.246036085240224
2025-12-31 15:00:00,1.3,3.2188947518053377
2025-12-31 18:00:00,1.0,2.0279869153270904
2025-12-31 21:00:00,1.0,2.251151311519611
